id,bairro,especie,tipo_area,condicao,altura_m,dap_cm,area_copa_m2,data_inventario,necessita_poda,risco_queda,latitude,longitude,co2_absorvido_kg_ano
1,Beberibe,Flamboyant,Canteiro,Ruim,14.4,28.9,2.62,2022-08-26,False,False,-8.043388,-34.830783,208.08
2,Pina,Oiti (Licania tomentosa),Praça,Ruim,18.8,7.0,0.15,2022-04-08,False,False,-7.93111,-34.835032,65.8
3,Boa Viagem,Castanhola,Canteiro,Regular,10.0,64.0,12.87,2022-11-12,True,False,-8.148769,-34.825933,320.0
4,Dois Unidos,Amendoeira (Terminalia catappa),Canteiro,Regular,4.9,7.8,0.19,2022-03-22,True,False,-8.113632,-34.832738,19.11
5,Arruda,Pau-brasil,Calçada,Boa,19.4,35.2,3.89,2022-08-18,False,False,-7.94844,-34.806986,341.44
6,Imbiribeira,Castanhola,Canteiro,Boa,8.6,64.4,13.03,2022-08-13,True,False,-8.131854,-34.84816,276.92
7,Espinheiro,Castanhola,Área de lazer,Regular,2.1,147.4,68.26,2022-04-19,False,False,-8.020571,-34.976637,154.77
8,Arruda,Amendoeira (Terminalia catappa),Parque,Ruim,8.3,29.7,2.77,2022-05-08,True,True,-7.974713,-34.833516,123.26
9,Beberibe,Castanhola,Praça,Boa,14.3,59.4,11.08,2022-03-24,False,False,-8.052181,-34.929866,424.71
10,Graças,Castanhola,Calçada,Boa,17.8,40.8,5.23,2022-07-25,False,True,-8.100885,-34.815206,363.12
11,Apipucos,Mangueira (Mangifera indica),Canteiro,Boa,2.6,100.5,31.73,2022-06-21,False,False,-7.990997,-34.905046,130.65
12,Ibura,Jaqueira,Calçada,Crítica,19.3,41.6,5.44,2022-06-26,True,False,-7.984537,-34.90373,401.44
13,Graças,Castanhola,Área de lazer,Boa,10.6,135.9,58.02,2022-12-01,False,True,-7.998235,-34.956539,720.27
14,Jordão,Cajueiro,Parque,Regular,6.5,52.3,8.59,2022-03-05,True,False,-8.125197,-34.865983,169.97
15,Espinheiro,Flamboyant,Praça,Boa,3.3,119.0,44.49,2022-06-13,False,False,-8.130141,-34.975854,196.35
16,Ibura,Ficus benjamina,Área de lazer,Regular,14.8,59.8,11.23,2022-12-25,True,False,-8.076964,-34.812529,442.52
17,Bomba do Hemetério,Sibipiruna,Parque,Crítica,12.2,62.7,12.35,2022-10-11,False,False,-8.132518,-34.845726,382.47
18,Água Fria,Castanhola,Canteiro,Crítica,16.7,148.6,69.37,2022-02-18,False,False,-7.993703,-34.787893,1240.81
19,Ibura,Castanhola,Praça,Boa,14.6,50.0,7.85,2022-06-07,False,False,-7.931628,-34.994175,365.0
20,Bomba do Hemetério,Jaqueira,Área de lazer,Regular,3.3,16.0,0.8,2022-01-22,False,False,-8.045818,-34.926544,26.4
21,Casa Forte,Cajueiro,Calçada,Boa,6.1,63.2,12.55,2022-12-19,False,False,-8.060562,-34.963255,192.76
22,Beberibe,Oiti (Licania tomentosa),Calçada,Regular,10.8,60.9,11.65,2022-08-12,False,False,-7.982916,-34.869566,328.86
23,Bomba do Hemetério,Pau-brasil,Parque,Boa,14.0,115.0,41.55,2022-08-13,True,False,-8.044185,-34.849269,805.0
24,Apipucos,Flamboyant,Canteiro,Regular,4.9,136.8,58.79,2022-02-18,True,False,-8.021208,-34.929899,335.16
25,Graças,Cajueiro,Praça,Regular,19.7,112.7,39.9,2022-06-21,False,False,-8.150321,-35.013138,1110.1
26,Graças,Castanhola,Praça,Boa,19.0,79.6,19.91,2022-12-09,False,False,-8.07576,-34.923596,756.2
27,Beberibe,Mangueira (Mangifera indica),Canteiro,Regular,14.0,71.8,16.2,2022-02-07,False,False,-8.085856,-34.868929,502.6
28,Espinheiro,Castanhola,Área de lazer,Boa,8.6,131.5,54.33,2022-10-15,False,False,-8.168176,-34.889343,565.45
29,Imbiribeira,Amendoeira (Terminalia catappa),Calçada,Boa,7.6,18.7,1.1,2022-03-19,False,False,-8.04294,-35.008202,71.06
30,Ibura,Sibipiruna,Praça,Regular,9.3,32.2,3.26,2022-10-15,False,True,-8.030303,-35.000694,149.73
31,Água Fria,Sibipiruna,Praça,Boa,15.4,135.5,57.68,2022-09-20,False,False,-8.006986,-34.857731,1043.35
32,Monteiro,Flamboyant,Calçada,Ruim,4.8,27.1,2.31,2022-02-22,True,False,-8.007278,-34.974452,65.04
33,Casa Forte,Pau-brasil,Canteiro,Boa,3.1,44.1,6.11,2022-11-13,True,True,-7.946592,-34.890746,68.36
34,Dois Unidos,Castanhola,Canteiro,Boa,14.4,64.2,12.95,2022-04-07,False,False,-8.024397,-34.868079,462.24
35,Boa Viagem,Jaqueira,Canteiro,Boa,2.4,98.2,30.3,2022-08-26,True,False,-8.156641,-34.856578,117.84
36,Jordão,Oiti (Licania tomentosa),Parque,Boa,13.1,98.9,30.73,2022-08-23,False,True,-8.08554,-34.872737,647.8
37,Beberibe,Mangueira (Mangifera indica),Praça,Crítica,15.6,93.0,27.17,2022-09-17,False,False,-7.930466,-34.886834,725.4
38,Arruda,Amendoeira (Terminalia catappa),Calçada,Boa,15.3,117.5,43.37,2022-10-06,False,False,-7.962022,-34.882503,898.88
39,Jordão,Ficus benjamina,Praça,Regular,18.4,149.2,69.93,2022-04-18,False,False,-8.046655,-34.990517,1372.64
40,Beberibe,Jaqueira,Canteiro,Ruim,9.6,39.8,4.98,2022-11-07,True,False,-8.07927,-34.902501,191.04
41,Imbiribeira,Sibipiruna,Calçada,Ruim,11.7,43.5,5.94,2022-06-19,False,False,-8.136553,-34.967452,254.47
42,Casa Forte,Ficus benjamina,Área de lazer,Boa,4.6,28.0,2.46,2022-08-07,False,False,-8.037199,-34.83637,64.4
43,Arruda,Mangueira (Mangifera indica),Canteiro,Boa,2.5,102.6,33.07,2022-06-13,False,False,-7.997534,-35.003025,128.25
44,Beberibe,Flamboyant,Canteiro,Ruim,3.9,42.2,5.59,2022-04-20,False,False,-8.151467,-34.946086,82.29
45,Bomba do Hemetério,Flamboyant,Calçada,Regular,4.6,96.9,29.5,2022-05-21,True,False,-8.050584,-34.848868,222.87
46,Boa Viagem,Castanhola,Parque,Boa,14.4,36.6,4.21,2022-03-10,True,False,-8.07072,-34.990422,263.52
47,Casa Forte,Sibipiruna,Área de lazer,Regular,13.8,132.7,55.32,2022-08-17,False,False,-8.066196,-35.014889,915.63
48,Pina,Jaqueira,Canteiro,Regular,4.6,142.9,64.15,2022-10-08,False,False,-7.965466,-34.804563,328.67
49,Arruda,Pau-brasil,Calçada,Boa,15.9,127.3,50.91,2022-03-06,True,False,-8.003832,-34.948176,1012.03
50,Apipucos,Mangueira (Mangifera indica),Calçada,Regular,10.2,144.9,65.96,2022-03-08,False,False,-8.01559,-34.869154,738.99
51,Dois Unidos,Sibipiruna,Área de lazer,Boa,4.2,22.7,1.62,2022-04-08,False,True,-8.121118,-34.881585,47.67
52,Beberibe,Ficus benjamina,Canteiro,Boa,11.4,123.6,47.99,2022-06-26,False,False,-7.981647,-35.011764,704.52
53,Água Fria,Pau-brasil,Canteiro,Boa,18.0,77.3,18.77,2022-11-03,False,False,-8.056778,-34.957167,695.7
54,Boa Viagem,Jaqueira,Parque,Boa,7.2,124.6,48.77,2022-05-02,True,False,-8.053182,-34.823054,448.56
55,Monteiro,Flamboyant,Canteiro,Boa,15.0,25.0,1.96,2022-11-22,False,False,-8.080198,-34.812351,187.5
56,Beberibe,Jaqueira,Praça,Regular,14.4,66.6,13.93,2022-06-24,True,False,-8.096919,-34.94078,479.52
57,Pina,Castanhola,Praça,Boa,18.4,32.0,3.22,2022-04-07,True,False,-8.166847,-34.834358,294.4
58,Apipucos,Amendoeira (Terminalia catappa),Área de lazer,Ruim,19.4,128.3,51.71,2022-04-09,False,False,-8.126415,-34.931517,1244.51
59,Arruda,Mangueira (Mangifera indica),Parque,Regular,8.6,25.8,2.09,2022-12-22,False,True,-8.155977,-34.847427,110.94
60,Bomba do Hemetério,Mangueira (Mangifera indica),Canteiro,Boa,12.1,49.1,7.57,2022-10-09,False,False,-7.93374,-34.835991,297.06
61,Casa Forte,Sibipiruna,Canteiro,Crítica,4.2,38.4,4.63,2022-08-21,False,False,-7.937369,-34.862792,80.64
62,Monteiro,Mangueira (Mangifera indica),Área de lazer,Boa,14.0,67.4,14.27,2022-03-23,True,True,-8.060956,-34.836798,471.8
63,Espinheiro,Mangueira (Mangifera indica),Área de lazer,Regular,13.5,12.0,0.45,2022-11-15,False,False,-7.985945,-34.791767,81.0
64,Casa Forte,Cajueiro,Parque,Regular,7.0,85.3,22.86,2022-06-23,True,False,-8.04282,-34.86366,298.55
65,Graças,Oiti (Licania tomentosa),Parque,Ruim,5.7,96.4,29.19,2022-03-01,False,True,-7.980612,-34.853606,274.74
66,Casa Forte,Mangueira (Mangifera indica),Parque,Regular,2.8,78.2,19.21,2022-09-08,False,False,-8.020805,-34.97946,109.48
67,Arruda,Flamboyant,Canteiro,Boa,3.8,115.3,41.76,2022-04-24,False,False,-7.964826,-34.840945,219.07
68,Boa Viagem,Sibipiruna,Parque,Ruim,6.4,110.8,38.57,2022-04-03,False,False,-8.058616,-34.849196,354.56
69,Dois Unidos,Pau-brasil,Canteiro,Crítica,5.3,140.4,61.93,2022-07-16,True,False,-8.053235,-34.801788,372.06
70,Espinheiro,Pau-brasil,Calçada,Regular,11.9,29.2,2.68,2022-01-10,False,False,-8.169543,-34.806945,173.74
71,Imbiribeira,Oiti (Licania tomentosa),Área de lazer,Boa,19.8,131.4,54.24,2022-10-28,False,False,-7.990058,-34.975251,1300.86
72,Apipucos,Flamboyant,Calçada,Crítica,15.7,48.3,7.33,2022-03-06,False,False,-8.036012,-34.835421,379.15
73,Boa Viagem,Castanhola,Área de lazer,Boa,15.4,61.9,12.04,2022-02-21,True,False,-8.088032,-34.950098,476.63
74,Imbiribeira,Flamboyant,Praça,Regular,13.8,126.3,50.11,2022-06-11,False,False,-8.04176,-34.839395,871.47
75,Monteiro,Sibipiruna,Praça,Crítica,18.7,96.8,29.44,2022-09-06,True,False,-8.106312,-34.839931,905.08
76,Apipucos,Castanhola,Parque,Boa,11.6,66.4,13.85,2022-10-21,False,False,-7.966555,-34.884842,385.12
77,Graças,Ficus benjamina,Área de lazer,Ruim,19.9,14.1,0.62,2022-09-26,False,False,-8.066749,-34.919273,140.29
78,Monteiro,Pau-brasil,Praça,Boa,14.1,104.1,34.04,2022-01-23,True,False,-8.122737,-34.859029,733.9
79,Beberibe,Cajueiro,Canteiro,Boa,18.8,148.9,69.65,2022-12-08,True,False,-8.080217,-34.938152,1399.66
80,Beberibe,Mangueira (Mangifera indica),Praça,Ruim,3.0,67.0,14.1,2022-02-11,False,False,-8.12893,-34.880502,100.5
81,Arruda,Pau-brasil,Calçada,Boa,11.5,50.7,8.08,2022-01-28,False,False,-8.0336,-34.976269,291.53
82,Monteiro,Jaqueira,Calçada,Crítica,8.8,144.3,65.42,2022-03-06,False,False,-8.019789,-34.980619,634.92
83,Espinheiro,Sibipiruna,Área de lazer,Ruim,8.9,121.3,46.22,2022-02-04,False,True,-7.938114,-34.827859,539.78
84,Dois Unidos,Jaqueira,Parque,Boa,9.2,53.9,9.13,2022-12-13,True,False,-7.950652,-34.881791,247.94
85,Espinheiro,Amendoeira (Terminalia catappa),Calçada,Regular,11.3,26.3,2.17,2022-07-21,False,False,-8.102119,-34.871687,148.6
86,Arruda,Ficus benjamina,Área de lazer,Boa,6.4,13.3,0.56,2022-08-09,True,False,-8.067593,-34.832576,42.56
87,Pina,Amendoeira (Terminalia catappa),Praça,Boa,16.0,139.0,60.7,2022-05-25,False,False,-8.163726,-34.868653,1112.0
88,Espinheiro,Jaqueira,Canteiro,Boa,3.3,147.3,68.16,2022-07-11,False,False,-8.151847,-34.816154,243.05
89,Espinheiro,Sibipiruna,Parque,Regular,15.5,30.7,2.96,2022-09-18,False,False,-8.052191,-34.803152,237.92
90,Água Fria,Pau-brasil,Canteiro,Crítica,4.6,114.1,40.9,2022-12-16,True,False,-8.115183,-34.823736,262.43
91,Apipucos,Ficus benjamina,Parque,Regular,13.7,7.7,0.19,2022-10-23,False,False,-7.947453,-34.952498,52.74
92,Monteiro,Ficus benjamina,Praça,Crítica,12.5,18.5,1.08,2022-07-14,True,False,-8.05534,-34.863042,115.62
93,Graças,Ficus benjamina,Canteiro,Regular,11.7,8.7,0.24,2022-10-13,True,False,-7.999595,-34.801577,50.89
94,Beberibe,Ficus benjamina,Parque,Regular,6.9,89.2,25.0,2022-05-06,False,True,-8.026597,-34.979426,307.74
95,Bomba do Hemetério,Mangueira (Mangifera indica),Canteiro,Regular,6.7,10.3,0.33,2022-04-26,True,True,-8.066192,-34.866832,34.51
96,Pina,Jaqueira,Canteiro,Ruim,11.4,17.6,0.97,2022-05-03,False,False,-7.9657,-34.961491,100.32
97,Graças,Jaqueira,Canteiro,Crítica,5.9,101.5,32.37,2022-03-01,False,False,-8.107873,-34.799759,299.43
98,Casa Forte,Mangueira (Mangifera indica),Área de lazer,Boa,6.7,25.9,2.11,2022-11-21,False,False,-8.082131,-34.904084,86.77
99,Beberibe,Amendoeira (Terminalia catappa),Parque,Boa,4.6,12.4,0.48,2022-05-10,False,False,-7.961629,-34.875976,28.52
100,Bomba do Hemetério,Castanhola,Calçada,Ruim,17.7,131.6,54.41,2022-05-08,False,False,-8.031351,-34.922232,1164.66
101,Graças,Castanhola,Calçada,Regular,7.7,98.7,30.6,2022-01-19,True,False,-8.05158,-34.918307,380.0
102,Ibura,Cajueiro,Canteiro,Regular,4.8,127.8,51.31,2022-04-05,False,False,-8.03946,-34.938049,306.72
103,Ibura,Cajueiro,Parque,Boa,12.1,22.3,1.56,2022-02-10,False,False,-8.096758,-34.822547,134.91
104,Imbiribeira,Amendoeira (Terminalia catappa),Canteiro,Boa,7.9,32.0,3.22,2022-12-28,False,False,-8.053778,-34.82501,126.4
105,Bomba do Hemetério,Sibipiruna,Área de lazer,Regular,19.6,79.3,19.76,2022-10-03,False,True,-7.957684,-34.82622,777.14
106,Ibura,Jaqueira,Canteiro,Crítica,17.5,116.2,42.42,2022-02-07,False,False,-7.973585,-34.895016,1016.75
107,Beberibe,Castanhola,Parque,Regular,8.7,119.6,44.94,2022-01-06,False,True,-8.097312,-34.992473,520.26
108,Dois Unidos,Oiti (Licania tomentosa),Calçada,Boa,5.0,115.7,42.05,2022-12-22,False,True,-8.022553,-34.924622,289.25
109,Casa Forte,Pau-brasil,Calçada,Ruim,3.4,95.2,28.47,2022-11-16,False,True,-8.054135,-34.916679,161.84
110,Beberibe,Ficus benjamina,Calçada,Regular,4.5,90.6,25.79,2022-11-24,True,False,-8.095484,-34.870341,203.85
111,Água Fria,Castanhola,Calçada,Boa,19.8,95.9,28.89,2022-07-12,False,True,-8.028036,-34.836014,949.41
112,Beberibe,Ficus benjamina,Canteiro,Boa,9.6,83.2,21.75,2022-01-05,True,False,-8.004477,-34.816797,399.36
113,Ibura,Amendoeira (Terminalia catappa),Canteiro,Regular,14.9,47.1,6.97,2022-09-03,False,True,-8.115822,-34.95677,350.9
114,Arruda,Amendoeira (Terminalia catappa),Calçada,Ruim,3.7,66.6,13.93,2022-03-11,False,False,-7.962151,-34.846657,123.21
115,Boa Viagem,Oiti (Licania tomentosa),Canteiro,Boa,16.6,100.6,31.79,2022-03-12,True,True,-8.125706,-34.909933,834.98
116,Ibura,Oiti (Licania tomentosa),Parque,Boa,16.5,97.8,30.05,2022-10-06,True,False,-8.08339,-34.915708,806.85
117,Monteiro,Oiti (Licania tomentosa),Praça,Boa,8.7,46.3,6.73,2022-10-17,False,False,-8.053814,-35.004989,201.4
118,Água Fria,Mangueira (Mangifera indica),Canteiro,Regular,9.8,49.6,7.73,2022-01-21,False,False,-8.105546,-34.926455,243.04
119,Graças,Sibipiruna,Calçada,Crítica,9.9,60.8,11.61,2022-08-15,False,False,-7.9489,-34.79095,300.96
120,Espinheiro,Flamboyant,Praça,Boa,7.4,121.7,46.53,2022-11-23,True,False,-8.016202,-34.871543,450.29
121,Água Fria,Oiti (Licania tomentosa),Área de lazer,Ruim,18.4,141.8,63.17,2022-09-17,False,False,-8.140048,-34.968364,1304.56
122,Imbiribeira,Ficus benjamina,Parque,Regular,12.9,119.1,44.56,2022-11-28,False,False,-7.93517,-34.988393,768.19
123,Apipucos,Castanhola,Área de lazer,Ruim,16.9,9.1,0.26,2022-04-15,False,False,-7.950789,-34.98646,76.89
124,Monteiro,Amendoeira (Terminalia catappa),Praça,Regular,4.7,40.8,5.23,2022-09-16,False,False,-8.140633,-34.961197,95.88
125,Espinheiro,Amendoeira (Terminalia catappa),Praça,Boa,3.5,87.5,24.05,2022-04-17,False,False,-8.009874,-34.902129,153.12
126,Casa Forte,Cajueiro,Calçada,Regular,2.7,22.4,1.58,2022-03-01,False,False,-8.100523,-34.955271,30.24
127,Arruda,Mangueira (Mangifera indica),Praça,Ruim,11.8,53.0,8.82,2022-09-09,True,False,-8.044569,-34.930585,312.7
128,Arruda,Cajueiro,Canteiro,Boa,14.4,92.4,26.82,2022-10-17,True,False,-8.092313,-34.800839,665.28
129,Pina,Sibipiruna,Calçada,Boa,14.7,70.7,15.7,2022-01-01,True,False,-8.162041,-34.848062,519.64
130,Monteiro,Cajueiro,Canteiro,Boa,12.6,71.1,15.88,2022-07-22,False,False,-7.960232,-34.871406,447.93
131,Jordão,Oiti (Licania tomentosa),Área de lazer,Boa,11.6,87.2,23.89,2022-06-08,True,True,-7.998948,-34.918884,505.76
132,Bomba do Hemetério,Sibipiruna,Parque,Regular,9.1,112.5,39.76,2022-07-26,False,True,-8.038986,-34.911118,511.88
133,Ibura,Mangueira (Mangifera indica),Calçada,Boa,6.2,95.5,28.65,2022-08-15,True,False,-8.158577,-34.912537,296.05
134,Espinheiro,Sibipiruna,Área de lazer,Regular,5.1,44.6,6.25,2022-02-24,False,False,-8.011816,-34.893569,113.73
135,Casa Forte,Pau-brasil,Canteiro,Boa,18.6,38.3,4.61,2022-12-20,False,False,-8.007698,-34.863758,356.19
136,Boa Viagem,Amendoeira (Terminalia catappa),Parque,Regular,12.3,93.2,27.29,2022-06-21,False,False,-7.961968,-34.80594,573.18
137,Boa Viagem,Castanhola,Calçada,Ruim,5.7,114.4,41.12,2022-05-06,False,False,-8.03929,-34.998604,326.04
138,Arruda,Sibipiruna,Parque,Regular,9.0,86.1,23.29,2022-06-20,False,False,-8.126514,-34.9753,387.45
139,Pina,Mangueira (Mangifera indica),Calçada,Crítica,15.3,60.0,11.31,2022-08-12,False,False,-7.972414,-34.920469,459.0
140,Monteiro,Castanhola,Parque,Boa,16.2,71.7,16.15,2022-07-27,True,False,-7.983395,-34.96189,580.77
141,Casa Forte,Ficus benjamina,Praça,Regular,16.9,121.8,46.61,2022-06-03,True,False,-8.002348,-34.813854,1029.21
142,Arruda,Mangueira (Mangifera indica),Área de lazer,Boa,10.4,16.0,0.8,2022-07-06,False,True,-8.136861,-34.86507,83.2
143,Casa Forte,Mangueira (Mangifera indica),Área de lazer,Crítica,10.1,115.4,41.84,2022-05-03,False,False,-8.115718,-34.85206,582.77
144,Bomba do Hemetério,Cajueiro,Área de lazer,Ruim,4.8,147.2,68.07,2022-10-25,True,False,-7.931258,-34.823519,353.28
145,Casa Forte,Oiti (Licania tomentosa),Área de lazer,Ruim,2.4,144.6,65.69,2022-01-14,True,False,-7.95944,-34.917893,173.52
146,Imbiribeira,Mangueira (Mangifera indica),Área de lazer,Regular,4.8,116.0,42.27,2022-03-25,False,False,-7.950968,-34.944501,278.4
147,Beberibe,Pau-brasil,Canteiro,Regular,4.2,125.0,49.09,2022-07-22,False,False,-7.972656,-34.966599,262.5
148,Graças,Ficus benjamina,Área de lazer,Ruim,13.0,17.9,1.01,2022-12-09,False,False,-8.149465,-34.836077,116.35
149,Boa Viagem,Mangueira (Mangifera indica),Praça,Crítica,17.4,23.2,1.69,2022-06-04,False,False,-8.017168,-34.824569,201.84
150,Casa Forte,Oiti (Licania tomentosa),Parque,Regular,12.9,12.4,0.48,2022-06-22,False,False,-8.068248,-34.811734,79.98
151,Apipucos,Flamboyant,Área de lazer,Boa,6.5,113.0,40.11,2022-12-25,True,False,-7.997756,-34.781024,367.25
152,Água Fria,Sibipiruna,Canteiro,Crítica,9.5,31.1,3.04,2022-06-22,True,False,-8.106872,-34.930364,147.72
153,Graças,Amendoeira (Terminalia catappa),Área de lazer,Crítica,13.2,86.6,23.56,2022-06-12,False,False,-7.95116,-34.817274,571.56
154,Graças,Sibipiruna,Área de lazer,Regular,10.1,66.2,13.77,2022-10-07,True,False,-7.981109,-34.806543,334.31
155,Água Fria,Sibipiruna,Praça,Boa,6.0,99.4,31.04,2022-12-24,True,False,-8.019869,-35.013522,298.2
156,Graças,Mangueira (Mangifera indica),Praça,Boa,16.1,34.5,3.74,2022-07-08,False,False,-7.95893,-34.823032,277.73
157,Boa Viagem,Cajueiro,Parque,Boa,3.8,85.4,22.91,2022-10-07,True,False,-7.988374,-34.984163,162.26
158,Espinheiro,Pau-brasil,Área de lazer,Crítica,18.4,69.6,15.22,2022-03-15,False,False,-8.152725,-34.80485,640.32
159,Ibura,Flamboyant,Praça,Regular,12.2,9.4,0.28,2022-10-09,True,False,-7.994554,-34.972669,57.34
160,Jordão,Castanhola,Calçada,Boa,17.5,105.7,35.1,2022-10-25,True,False,-8.169221,-34.900642,924.88
161,Espinheiro,Jaqueira,Área de lazer,Regular,18.5,88.1,24.38,2022-07-06,True,False,-7.999567,-34.858527,814.92
162,Espinheiro,Jaqueira,Área de lazer,Boa,4.4,84.6,22.48,2022-12-26,False,False,-7.97897,-34.899865,186.12
163,Monteiro,Sibipiruna,Parque,Boa,5.0,11.7,0.43,2022-06-16,False,False,-7.980558,-34.929647,29.25
164,Arruda,Flamboyant,Calçada,Regular,12.6,104.9,34.57,2022-11-17,False,False,-8.000379,-34.97941,660.87
165,Apipucos,Flamboyant,Área de lazer,Boa,12.3,126.3,50.11,2022-08-11,True,False,-7.931188,-34.789345,776.75
166,Pina,Flamboyant,Praça,Boa,10.7,49.9,7.82,2022-12-10,False,True,-8.126142,-34.8907,266.96
167,Casa Forte,Oiti (Licania tomentosa),Canteiro,Regular,7.5,25.7,2.07,2022-05-20,True,False,-7.932802,-34.839238,96.38
168,Ibura,Flamboyant,Praça,Crítica,18.8,143.8,64.96,2022-09-07,True,False,-8.126721,-34.946624,1351.72
169,Apipucos,Mangueira (Mangifera indica),Área de lazer,Boa,17.7,63.6,12.71,2022-04-18,True,False,-8.068063,-34.97673,562.86
170,Espinheiro,Castanhola,Área de lazer,Boa,4.1,58.3,10.68,2022-03-25,False,False,-8.164631,-34.925723,119.51
171,Casa Forte,Amendoeira (Terminalia catappa),Área de lazer,Boa,3.1,51.6,8.36,2022-08-20,False,True,-8.061766,-34.932158,79.98
172,Imbiribeira,Oiti (Licania tomentosa),Canteiro,Crítica,4.7,53.9,9.13,2022-02-13,False,False,-7.991888,-34.993306,126.67
173,Ibura,Jaqueira,Calçada,Regular,5.6,103.6,33.72,2022-05-19,False,True,-8.098401,-34.792549,290.08
174,Boa Viagem,Amendoeira (Terminalia catappa),Calçada,Ruim,15.7,56.2,9.92,2022-02-09,True,True,-8.099995,-34.969334,441.17
175,Ibura,Ficus benjamina,Área de lazer,Ruim,2.9,83.8,22.06,2022-10-08,True,False,-7.977432,-34.954606,121.51
176,Boa Viagem,Sibipiruna,Praça,Boa,19.3,10.4,0.34,2022-06-10,True,False,-8.082947,-34.954249,100.36
177,Espinheiro,Flamboyant,Canteiro,Boa,5.0,113.1,40.19,2022-08-24,True,True,-8.106244,-34.790818,282.75
178,Jordão,Oiti (Licania tomentosa),Canteiro,Boa,9.8,102.0,32.69,2022-06-09,False,False,-7.935983,-34.825797,499.8
179,Bomba do Hemetério,Ficus benjamina,Área de lazer,Boa,4.5,67.3,14.23,2022-11-07,False,False,-8.054125,-35.009358,151.42
180,Arruda,Sibipiruna,Parque,Boa,14.5,38.8,4.73,2022-06-13,True,False,-7.957768,-34.780896,281.3
181,Jordão,Mangueira (Mangifera indica),Área de lazer,Boa,12.1,43.3,5.89,2022-02-19,True,True,-8.055747,-34.997876,261.96
182,Casa Forte,Cajueiro,Calçada,Regular,5.5,105.4,34.9,2022-11-19,False,False,-8.014984,-34.982264,289.85
183,Monteiro,Cajueiro,Calçada,Regular,3.4,127.6,51.15,2022-08-20,True,False,-8.058128,-34.993257,216.92
184,Monteiro,Sibipiruna,Parque,Boa,16.7,75.2,17.77,2022-04-03,False,False,-8.052576,-34.889333,627.92
185,Monteiro,Cajueiro,Praça,Ruim,13.2,7.3,0.17,2022-06-03,False,False,-8.027661,-34.917611,48.18
186,Ibura,Jaqueira,Canteiro,Ruim,11.4,27.3,2.34,2022-01-06,False,False,-8.134208,-34.958444,155.61
187,Dois Unidos,Jaqueira,Área de lazer,Crítica,19.4,44.4,6.19,2022-02-18,False,False,-8.133684,-35.000502,430.68
188,Espinheiro,Castanhola,Área de lazer,Boa,2.6,72.3,16.42,2022-10-17,True,False,-8.020206,-35.001842,93.99
189,Bomba do Hemetério,Ficus benjamina,Parque,Regular,18.6,104.3,34.18,2022-09-15,False,False,-8.079804,-34.909062,969.99
190,Ibura,Amendoeira (Terminalia catappa),Calçada,Ruim,11.7,57.9,10.53,2022-08-08,False,False,-8.145698,-34.964423,338.71
191,Água Fria,Oiti (Licania tomentosa),Parque,Ruim,4.5,123.0,47.53,2022-05-13,False,False,-8.124959,-34.849241,276.75
192,Água Fria,Jaqueira,Praça,Boa,16.9,39.2,4.83,2022-08-06,True,False,-8.12136,-34.998091,331.24
193,Dois Unidos,Jaqueira,Área de lazer,Regular,17.2,123.3,47.76,2022-09-24,True,False,-8.117971,-34.862106,1060.38
194,Boa Viagem,Oiti (Licania tomentosa),Calçada,Regular,13.3,144.6,65.69,2022-09-08,False,False,-8.074138,-34.839812,961.59
195,Água Fria,Oiti (Licania tomentosa),Canteiro,Boa,10.2,83.0,21.64,2022-05-01,False,False,-8.081721,-34.888674,423.3
196,Monteiro,Jaqueira,Parque,Ruim,10.2,47.0,6.94,2022-02-09,False,False,-8.05266,-34.788181,239.7
197,Boa Viagem,Amendoeira (Terminalia catappa),Calçada,Regular,8.0,136.4,58.45,2022-02-05,True,False,-7.944439,-34.892693,545.6
198,Imbiribeira,Mangueira (Mangifera indica),Área de lazer,Regular,18.4,126.5,50.27,2022-03-08,False,False,-7.990997,-34.964902,1163.8
199,Jordão,Castanhola,Canteiro,Regular,7.9,144.9,65.96,2022-09-09,False,False,-8.148739,-34.82736,572.36
200,Beberibe,Pau-brasil,Área de lazer,Boa,19.4,22.9,1.65,2022-06-07,True,False,-8.040589,-34.873437,222.13
201,Monteiro,Pau-brasil,Canteiro,Regular,19.5,93.9,27.7,2022-11-26,False,True,-7.978831,-35.010966,915.53
202,Água Fria,Oiti (Licania tomentosa),Área de lazer,Crítica,8.3,51.0,8.17,2022-04-22,False,False,-8.011401,-34.849167,211.65
203,Graças,Mangueira (Mangifera indica),Praça,Regular,14.8,133.9,56.33,2022-02-22,False,False,-7.987008,-34.816156,990.86
204,Casa Forte,Oiti (Licania tomentosa),Praça,Boa,17.9,44.4,6.19,2022-04-19,True,False,-7.96182,-34.984639,397.38
205,Água Fria,Pau-brasil,Canteiro,Boa,3.3,131.0,53.91,2022-08-08,False,False,-8.087174,-34.949225,216.15
206,Ibura,Flamboyant,Parque,Crítica,9.8,59.3,11.05,2022-11-02,True,False,-7.949968,-34.84968,290.57
207,Graças,Flamboyant,Calçada,Regular,18.5,119.9,45.16,2022-11-02,False,False,-7.977214,-34.883062,1109.08
208,Graças,Flamboyant,Praça,Regular,9.5,93.9,27.7,2022-08-03,False,False,-7.94521,-34.99152,446.03
209,Apipucos,Pau-brasil,Área de lazer,Regular,15.8,18.5,1.08,2022-01-21,False,False,-8.129053,-34.981344,146.15
210,Ibura,Flamboyant,Parque,Crítica,13.8,127.6,51.15,2022-01-11,False,False,-7.951069,-34.890073,880.44
211,Água Fria,Mangueira (Mangifera indica),Parque,Boa,12.9,79.3,19.76,2022-05-27,True,True,-8.127115,-34.922588,511.49
212,Beberibe,Cajueiro,Canteiro,Boa,16.1,24.1,1.82,2022-07-13,False,False,-8.004388,-34.927624,194.01
213,Boa Viagem,Pau-brasil,Praça,Boa,11.1,126.1,49.96,2022-02-16,False,False,-8.037291,-34.791511,699.85
214,Dois Unidos,Amendoeira (Terminalia catappa),Praça,Ruim,3.2,92.6,26.94,2022-09-18,False,False,-8.156191,-34.986347,148.16
215,Apipucos,Jaqueira,Calçada,Boa,14.3,8.1,0.21,2022-12-21,False,False,-8.026,-35.010503,57.91
216,Água Fria,Jaqueira,Canteiro,Ruim,14.1,112.0,39.41,2022-01-14,False,False,-8.036057,-34.95015,789.6
217,Dois Unidos,Castanhola,Parque,Boa,3.6,39.0,4.78,2022-11-17,False,False,-8.043764,-34.830926,70.2
218,Boa Viagem,Cajueiro,Área de lazer,Regular,12.0,125.1,49.17,2022-03-19,True,False,-8.002922,-34.889107,750.6
219,Monteiro,Sibipiruna,Parque,Regular,19.2,104.2,34.11,2022-05-28,True,False,-8.010513,-35.014618,1000.32
220,Pina,Sibipiruna,Área de lazer,Crítica,10.7,116.8,42.86,2022-12-25,True,False,-8.054449,-35.014981,624.88
221,Arruda,Castanhola,Área de lazer,Regular,5.6,97.0,29.56,2022-05-13,True,False,-7.946318,-34.998791,271.6
222,Pina,Pau-brasil,Canteiro,Boa,13.1,125.1,49.17,2022-07-25,False,False,-8.076427,-34.896964,819.4
223,Jordão,Jaqueira,Praça,Ruim,17.7,130.6,53.58,2022-09-02,False,False,-8.108386,-34.869041,1155.81
224,Monteiro,Ficus benjamina,Calçada,Regular,15.8,46.4,6.76,2022-10-12,False,False,-8.164184,-34.911407,366.56
225,Apipucos,Ficus benjamina,Praça,Ruim,10.5,47.6,7.12,2022-10-13,True,False,-8.009261,-34.979838,249.9
226,Beberibe,Ficus benjamina,Praça,Regular,12.2,147.4,68.26,2022-10-21,True,False,-8.122939,-34.993968,899.14
227,Pina,Cajueiro,Praça,Boa,2.8,27.6,2.39,2022-06-23,True,False,-7.969834,-34.991272,38.64
228,Casa Forte,Ficus benjamina,Canteiro,Ruim,18.3,100.6,31.79,2022-08-11,True,False,-8.056126,-34.959652,920.49
229,Casa Forte,Castanhola,Canteiro,Ruim,16.1,124.1,48.38,2022-09-24,False,False,-8.103738,-34.911662,999.0
230,Boa Viagem,Sibipiruna,Canteiro,Boa,10.3,137.5,59.4,2022-08-25,True,False,-8.16316,-34.999026,708.12
231,Monteiro,Sibipiruna,Parque,Boa,8.2,130.7,53.67,2022-03-15,False,False,-7.938751,-34.933285,535.87
232,Pina,Pau-brasil,Canteiro,Ruim,9.2,141.1,62.55,2022-07-28,False,False,-8.021277,-34.940938,649.06
233,Casa Forte,Amendoeira (Terminalia catappa),Área de lazer,Boa,8.0,33.8,3.59,2022-06-13,False,False,-8.08263,-34.881302,135.2
234,Casa Forte,Castanhola,Área de lazer,Ruim,14.1,11.0,0.38,2022-04-02,True,False,-8.087919,-34.898831,77.55
235,Apipucos,Cajueiro,Parque,Boa,10.6,130.8,53.75,2022-01-07,True,False,-7.996432,-34.794051,693.24
236,Imbiribeira,Castanhola,Canteiro,Ruim,12.5,15.7,0.77,2022-01-18,True,False,-8.13233,-34.830673,98.12
237,Pina,Sibipiruna,Praça,Ruim,5.7,68.6,14.78,2022-01-23,True,False,-7.952833,-34.904472,195.51
238,Imbiribeira,Castanhola,Praça,Regular,6.4,55.1,9.54,2022-09-04,False,True,-8.160133,-34.845252,176.32
239,Monteiro,Amendoeira (Terminalia catappa),Canteiro,Boa,9.7,82.7,21.49,2022-03-06,False,False,-8.009858,-34.876013,401.09
240,Monteiro,Flamboyant,Calçada,Boa,8.0,66.4,13.85,2022-06-14,False,False,-7.939421,-34.989991,265.6
241,Água Fria,Ficus benjamina,Calçada,Boa,18.3,135.6,57.77,2022-11-06,False,False,-8.116301,-34.923602,1240.74
242,Ibura,Castanhola,Canteiro,Ruim,7.0,128.9,52.2,2022-06-11,True,False,-8.028841,-34.8779,451.15
243,Água Fria,Castanhola,Parque,Crítica,3.8,130.3,53.34,2022-12-17,False,False,-8.041022,-34.871322,247.57
244,Graças,Ficus benjamina,Calçada,Boa,9.7,144.5,65.6,2022-04-22,False,False,-8.026182,-34.792899,700.82
245,Graças,Mangueira (Mangifera indica),Calçada,Regular,19.6,28.7,2.59,2022-11-12,False,False,-8.122813,-34.989036,281.26
246,Pina,Flamboyant,Área de lazer,Regular,7.2,140.6,62.1,2022-08-11,False,False,-8.048936,-34.798024,506.16
247,Apipucos,Castanhola,Área de lazer,Boa,10.0,67.3,14.23,2022-10-22,True,False,-8.063331,-34.792313,336.5
248,Imbiribeira,Sibipiruna,Canteiro,Boa,4.2,26.2,2.16,2022-04-07,True,False,-8.092431,-34.870742,55.02
249,Jordão,Jaqueira,Canteiro,Boa,6.1,41.8,5.49,2022-03-18,False,False,-8.148552,-34.90089,127.49
250,Água Fria,Ficus benjamina,Canteiro,Boa,10.2,27.7,2.41,2022-03-21,True,False,-8.076079,-34.832832,141.27
251,Água Fria,Flamboyant,Praça,Regular,2.3,111.3,38.92,2022-06-13,False,False,-8.109815,-34.824276,127.99
252,Espinheiro,Ficus benjamina,Parque,Crítica,2.3,123.8,48.15,2022-08-03,True,False,-8.036943,-34.845557,142.37
253,Pina,Amendoeira (Terminalia catappa),Praça,Ruim,7.1,85.6,23.02,2022-01-17,True,False,-8.079407,-34.782647,303.88
254,Arruda,Oiti (Licania tomentosa),Área de lazer,Regular,4.7,5.7,0.1,2022-05-27,False,False,-7.975804,-34.865494,13.4
255,Espinheiro,Sibipiruna,Parque,Boa,12.7,47.9,7.21,2022-03-02,True,False,-8.166557,-34.841734,304.16
256,Monteiro,Amendoeira (Terminalia catappa),Praça,Boa,14.8,21.7,1.48,2022-02-01,True,True,-8.117607,-34.940426,160.58
257,Bomba do Hemetério,Amendoeira (Terminalia catappa),Área de lazer,Regular,10.7,59.8,11.23,2022-06-15,False,False,-8.135586,-34.886247,319.93
258,Imbiribeira,Sibipiruna,Calçada,Boa,9.9,110.5,38.36,2022-12-15,False,False,-7.93445,-34.908355,546.98
259,Dois Unidos,Mangueira (Mangifera indica),Praça,Ruim,11.0,147.2,68.07,2022-08-02,True,False,-8.011691,-34.806938,809.6
260,Água Fria,Amendoeira (Terminalia catappa),Parque,Boa,18.5,115.5,41.91,2022-07-13,False,False,-8.029342,-34.971961,1068.38
261,Espinheiro,Pau-brasil,Parque,Boa,14.0,75.6,17.96,2022-04-07,True,True,-8.027063,-35.008604,529.2
262,Arruda,Cajueiro,Canteiro,Crítica,7.6,81.9,21.07,2022-10-25,True,False,-8.144936,-34.932206,311.22
263,Espinheiro,Jaqueira,Parque,Boa,17.3,34.0,3.63,2022-11-07,False,False,-8.031704,-34.878491,294.1
264,Graças,Mangueira (Mangifera indica),Praça,Boa,9.5,67.3,14.23,2022-05-14,False,False,-8.144095,-34.870581,319.68
265,Jordão,Castanhola,Parque,Boa,8.9,63.0,12.47,2022-08-09,False,False,-8.113719,-34.815246,280.35
266,Monteiro,Pau-brasil,Parque,Ruim,14.6,18.0,1.02,2022-06-18,False,False,-8.165185,-34.904512,131.4
267,Água Fria,Flamboyant,Área de lazer,Regular,16.3,121.8,46.61,2022-12-18,False,False,-8.00365,-35.009817,992.67
268,Jordão,Jaqueira,Área de lazer,Ruim,4.5,134.7,57.0,2022-03-28,False,False,-8.143319,-35.010781,303.07
269,Pina,Oiti (Licania tomentosa),Praça,Boa,4.1,35.6,3.98,2022-12-26,True,True,-8.148112,-34.945262,72.98
270,Boa Viagem,Amendoeira (Terminalia catappa),Parque,Boa,4.5,14.5,0.66,2022-03-12,True,False,-7.960222,-34.815662,32.62
271,Pina,Amendoeira (Terminalia catappa),Área de lazer,Regular,16.3,58.0,10.57,2022-08-11,False,False,-8.140174,-34.870037,472.7
272,Imbiribeira,Sibipiruna,Área de lazer,Boa,19.3,109.2,37.46,2022-12-16,False,False,-8.136444,-34.845247,1053.78
273,Ibura,Amendoeira (Terminalia catappa),Calçada,Regular,13.5,68.8,14.87,2022-01-18,False,False,-7.966677,-34.986051,464.4
274,Graças,Flamboyant,Calçada,Crítica,8.1,118.1,43.82,2022-05-18,False,False,-8.042491,-34.853695,478.3
275,Pina,Castanhola,Praça,Crítica,7.2,22.9,1.65,2022-10-12,False,False,-8.000211,-34.932848,82.44
276,Ibura,Amendoeira (Terminalia catappa),Praça,Boa,14.0,136.9,58.88,2022-03-12,True,False,-8.062137,-35.017536,958.3
277,Imbiribeira,Flamboyant,Área de lazer,Boa,18.6,23.2,1.69,2022-05-11,False,True,-7.94491,-34.961355,215.76
278,Pina,Mangueira (Mangifera indica),Área de lazer,Boa,18.1,136.4,58.45,2022-12-02,False,False,-7.944645,-34.912076,1234.42
279,Pina,Pau-brasil,Calçada,Regular,17.7,74.0,17.2,2022-10-11,True,False,-8.017015,-34.911976,654.9
280,Água Fria,Flamboyant,Área de lazer,Boa,8.7,123.1,47.61,2022-01-14,True,False,-8.004993,-34.853345,535.48
281,Casa Forte,Oiti (Licania tomentosa),Canteiro,Ruim,13.1,67.7,14.4,2022-10-12,False,False,-7.982168,-34.92137,443.44
282,Beberibe,Flamboyant,Calçada,Boa,13.4,21.3,1.43,2022-10-25,False,True,-8.007029,-34.865172,142.71
283,Beberibe,Ficus benjamina,Canteiro,Boa,11.7,124.7,48.85,2022-01-25,False,False,-8.141624,-34.993712,729.5
284,Imbiribeira,Pau-brasil,Parque,Crítica,17.9,134.5,56.83,2022-10-09,True,False,-7.944876,-35.01062,1203.77
285,Pina,Amendoeira (Terminalia catappa),Área de lazer,Boa,5.0,39.6,4.93,2022-06-14,False,False,-8.065229,-34.825323,99.0
286,Apipucos,Jaqueira,Praça,Boa,15.6,123.8,48.15,2022-08-08,False,False,-8.038434,-34.843622,965.64
287,Água Fria,Sibipiruna,Calçada,Regular,12.5,102.6,33.07,2022-05-03,False,False,-7.973924,-34.934847,641.25
288,Graças,Oiti (Licania tomentosa),Parque,Ruim,14.1,34.1,3.65,2022-02-17,False,True,-8.155256,-34.8768,240.41
289,Arruda,Mangueira (Mangifera indica),Canteiro,Crítica,19.3,120.3,45.47,2022-11-10,False,True,-8.112872,-34.980624,1160.89
290,Beberibe,Pau-brasil,Calçada,Regular,7.8,140.2,61.75,2022-09-08,True,False,-7.970733,-34.830587,546.78
291,Dois Unidos,Jaqueira,Canteiro,Crítica,15.9,94.9,28.29,2022-11-27,False,False,-8.021123,-34.879011,754.46
292,Boa Viagem,Flamboyant,Parque,Boa,11.2,121.1,46.07,2022-09-02,False,False,-8.106859,-34.921654,678.16
293,Espinheiro,Sibipiruna,Canteiro,Ruim,8.1,87.5,24.05,2022-08-15,True,False,-8.111775,-34.804936,354.38
294,Boa Viagem,Amendoeira (Terminalia catappa),Calçada,Boa,2.5,111.0,38.71,2022-04-26,True,False,-7.935737,-35.002522,138.75
295,Bomba do Hemetério,Mangueira (Mangifera indica),Praça,Boa,19.8,124.5,48.7,2022-05-07,False,False,-8.137664,-34.970713,1232.55
296,Monteiro,Sibipiruna,Área de lazer,Boa,13.7,110.7,38.5,2022-01-15,False,False,-7.980164,-34.800837,758.29
297,Pina,Mangueira (Mangifera indica),Canteiro,Regular,8.8,98.8,30.67,2022-11-07,False,False,-7.987637,-35.014586,434.72
298,Monteiro,Amendoeira (Terminalia catappa),Canteiro,Boa,6.5,136.3,58.36,2022-01-03,False,False,-8.094345,-34.96117,442.98
299,Boa Viagem,Amendoeira (Terminalia catappa),Calçada,Regular,18.2,124.2,48.46,2022-04-06,True,False,-8.05093,-34.831484,1130.22
300,Arruda,Cajueiro,Parque,Ruim,10.7,146.6,67.52,2022-07-04,False,False,-8.105028,-34.844287,784.31
301,Beberibe,Ficus benjamina,Canteiro,Boa,7.8,119.9,45.16,2022-10-05,False,False,-7.969025,-34.909877,467.61
302,Bomba do Hemetério,Jaqueira,Canteiro,Ruim,10.1,119.8,45.09,2022-03-24,False,True,-7.932647,-34.840063,604.99
303,Monteiro,Cajueiro,Praça,Regular,7.3,19.2,1.16,2022-10-17,True,True,-8.074774,-34.88293,70.08
304,Dois Unidos,Oiti (Licania tomentosa),Praça,Boa,3.4,81.8,21.02,2022-01-02,False,True,-8.122503,-35.003245,139.06
305,Pina,Oiti (Licania tomentosa),Canteiro,Ruim,5.9,116.9,42.93,2022-08-19,False,False,-8.076821,-34.988414,344.86
306,Graças,Sibipiruna,Praça,Crítica,19.0,144.1,65.23,2022-06-22,False,False,-7.979688,-34.941839,1368.95
307,Graças,Castanhola,Parque,Regular,7.2,107.6,36.37,2022-02-28,False,False,-8.0719,-34.78324,387.36
308,Imbiribeira,Cajueiro,Área de lazer,Boa,2.4,144.8,65.87,2022-06-16,False,False,-8.013249,-34.902588,173.76
309,Ibura,Castanhola,Praça,Regular,15.5,127.7,51.23,2022-12-19,True,False,-8.122097,-34.897448,989.68
310,Água Fria,Jaqueira,Calçada,Regular,15.8,8.1,0.21,2022-07-06,True,False,-8.085039,-34.848001,63.99
311,Ibura,Pau-brasil,Área de lazer,Ruim,3.9,125.2,49.24,2022-07-15,False,False,-7.986148,-34.937804,244.14
312,Bomba do Hemetério,Castanhola,Parque,Boa,14.1,8.3,0.22,2022-09-27,False,False,-8.085456,-34.796926,58.52
313,Imbiribeira,Oiti (Licania tomentosa),Canteiro,Regular,11.4,68.6,14.78,2022-05-10,False,False,-8.124019,-34.986504,391.02
314,Imbiribeira,Amendoeira (Terminalia catappa),Praça,Boa,7.1,86.1,23.29,2022-11-01,True,True,-7.948703,-35.018814,305.65
315,Ibura,Mangueira (Mangifera indica),Parque,Ruim,15.5,16.7,0.88,2022-02-02,False,False,-7.975525,-34.8556,129.42
316,Apipucos,Amendoeira (Terminalia catappa),Área de lazer,Boa,4.2,77.6,18.92,2022-05-22,False,False,-7.947575,-34.96681,162.96
317,Ibura,Castanhola,Praça,Boa,19.1,141.6,62.99,2022-05-02,True,False,-8.141482,-34.97181,1352.28
318,Casa Forte,Amendoeira (Terminalia catappa),Parque,Boa,19.4,149.4,70.12,2022-12-07,False,True,-8.02258,-34.926502,1449.18
319,Boa Viagem,Sibipiruna,Calçada,Boa,15.0,108.1,36.71,2022-12-01,False,False,-8.111449,-34.968694,810.75
320,Dois Unidos,Cajueiro,Canteiro,Boa,13.2,44.3,6.17,2022-06-19,True,False,-8.078377,-34.799552,292.38
321,Graças,Amendoeira (Terminalia catappa),Área de lazer,Ruim,11.7,132.9,55.49,2022-10-28,False,True,-7.992752,-34.958999,777.47
322,Imbiribeira,Mangueira (Mangifera indica),Área de lazer,Regular,8.3,14.8,0.69,2022-11-18,False,False,-8.158894,-34.941479,61.42
323,Apipucos,Jaqueira,Área de lazer,Crítica,13.3,18.5,1.08,2022-02-04,True,False,-7.94283,-34.904862,123.03
324,Monteiro,Ficus benjamina,Parque,Boa,7.2,44.3,6.17,2022-09-23,False,False,-8.076934,-34.927058,159.48
325,Pina,Ficus benjamina,Praça,Boa,18.2,55.6,9.71,2022-05-01,True,False,-8.101201,-34.812875,505.96
326,Água Fria,Jaqueira,Praça,Ruim,19.6,75.2,17.77,2022-09-07,False,False,-7.96628,-34.916879,736.96
327,Monteiro,Cajueiro,Canteiro,Boa,14.1,79.3,19.76,2022-12-05,False,False,-8.105495,-34.965702,559.06
328,Casa Forte,Pau-brasil,Parque,Regular,2.4,145.8,66.78,2022-12-10,True,True,-7.937127,-34.881231,174.96
329,Apipucos,Ficus benjamina,Canteiro,Ruim,18.0,116.4,42.57,2022-12-15,False,False,-8.122866,-34.89819,1047.6
330,Apipucos,Amendoeira (Terminalia catappa),Calçada,Regular,6.3,123.2,47.68,2022-03-28,True,False,-7.981593,-34.958638,388.08
331,Apipucos,Amendoeira (Terminalia catappa),Parque,Crítica,10.3,51.4,8.3,2022-03-05,False,False,-7.935678,-34.986455,264.71
332,Água Fria,Oiti (Licania tomentosa),Praça,Regular,12.3,22.3,1.56,2022-08-10,False,False,-8.160753,-34.866625,137.15
333,Apipucos,Mangueira (Mangifera indica),Canteiro,Ruim,5.3,22.0,1.52,2022-03-24,False,True,-8.149474,-34.857077,58.3
334,Arruda,Mangueira (Mangifera indica),Praça,Boa,14.1,6.0,0.11,2022-07-21,True,False,-7.952195,-34.846326,42.3
335,Graças,Flamboyant,Canteiro,Boa,14.5,95.5,28.65,2022-11-20,True,False,-7.994421,-34.85025,692.38
336,Arruda,Oiti (Licania tomentosa),Área de lazer,Regular,15.3,17.5,0.96,2022-01-08,True,False,-8.16315,-34.977795,133.88
337,Água Fria,Oiti (Licania tomentosa),Área de lazer,Regular,16.1,101.4,32.3,2022-01-22,False,True,-8.042827,-34.916904,816.27
338,Pina,Pau-brasil,Calçada,Regular,16.8,16.0,0.8,2022-07-17,False,False,-8.123613,-34.929097,134.4
339,Espinheiro,Castanhola,Canteiro,Boa,12.7,50.1,7.89,2022-10-27,False,False,-8.084135,-34.831794,318.13
340,Casa Forte,Amendoeira (Terminalia catappa),Canteiro,Ruim,9.8,60.1,11.35,2022-04-27,True,False,-8.024755,-35.014346,294.49
341,Jordão,Amendoeira (Terminalia catappa),Calçada,Boa,12.7,126.8,50.51,2022-03-27,False,False,-8.146829,-34.960668,805.18
342,Ibura,Jaqueira,Calçada,Regular,16.8,81.5,20.87,2022-05-03,True,True,-8.068089,-34.842079,684.6
343,Boa Viagem,Flamboyant,Calçada,Regular,13.9,125.4,49.4,2022-09-21,False,False,-8.162782,-34.81579,871.53
344,Dois Unidos,Ficus benjamina,Parque,Crítica,8.9,92.1,26.65,2022-01-06,False,True,-7.938205,-34.792621,409.84
345,Pina,Sibipiruna,Área de lazer,Regular,15.7,76.7,18.48,2022-11-10,False,False,-8.075667,-34.96238,602.1
346,Ibura,Amendoeira (Terminalia catappa),Calçada,Regular,14.7,120.6,45.69,2022-10-07,True,False,-8.103922,-34.91693,886.41
347,Arruda,Sibipiruna,Praça,Boa,8.5,100.7,31.86,2022-03-15,False,False,-8.033869,-34.803675,427.98
348,Imbiribeira,Mangueira (Mangifera indica),Parque,Boa,2.1,102.7,33.14,2022-04-08,True,False,-8.132449,-34.932655,107.84
349,Monteiro,Pau-brasil,Canteiro,Boa,8.7,42.1,5.57,2022-02-14,True,True,-8.07683,-34.90096,183.13
350,Ibura,Amendoeira (Terminalia catappa),Parque,Ruim,14.5,55.3,9.61,2022-08-03,True,False,-8.084707,-34.870341,400.92
351,Jordão,Amendoeira (Terminalia catappa),Parque,Boa,4.7,46.5,6.79,2022-04-16,False,False,-8.073672,-34.978843,109.28
352,Imbiribeira,Ficus benjamina,Praça,Boa,12.9,42.5,5.67,2022-07-14,False,False,-8.086625,-34.801269,274.12
353,Ibura,Amendoeira (Terminalia catappa),Canteiro,Regular,16.0,20.2,1.28,2022-06-25,True,False,-7.951419,-34.999755,161.6
354,Bomba do Hemetério,Oiti (Licania tomentosa),Parque,Regular,9.3,7.8,0.19,2022-07-07,True,False,-8.154866,-35.008073,36.27
355,Pina,Ficus benjamina,Praça,Regular,9.8,52.5,8.66,2022-12-01,True,False,-8.096244,-34.848841,257.25
356,Graças,Castanhola,Canteiro,Ruim,11.9,22.7,1.62,2022-10-08,False,True,-7.967038,-34.915219,135.06
357,Ibura,Flamboyant,Canteiro,Crítica,13.3,55.2,9.57,2022-04-23,True,False,-8.12842,-35.016103,367.08
358,Apipucos,Amendoeira (Terminalia catappa),Canteiro,Boa,17.9,38.4,4.63,2022-08-02,False,False,-8.116516,-34.835193,343.68
359,Apipucos,Oiti (Licania tomentosa),Parque,Ruim,9.5,93.7,27.58,2022-05-23,True,True,-8.139712,-34.999079,445.07
360,Beberibe,Castanhola,Calçada,Ruim,5.7,116.6,42.71,2022-08-04,True,False,-8.058679,-34.883701,332.31
361,Graças,Mangueira (Mangifera indica),Parque,Boa,5.9,132.6,55.24,2022-09-07,False,True,-8.148917,-34.968923,391.17
362,Casa Forte,Mangueira (Mangifera indica),Calçada,Regular,9.4,60.5,11.5,2022-10-15,True,True,-8.021116,-34.839463,284.35
363,Graças,Pau-brasil,Praça,Regular,16.2,53.2,8.89,2022-12-19,True,False,-8.133693,-34.859083,430.92
364,Imbiribeira,Mangueira (Mangifera indica),Área de lazer,Regular,8.7,135.4,57.6,2022-12-01,True,False,-7.97337,-34.941833,588.99
365,Bomba do Hemetério,Oiti (Licania tomentosa),Canteiro,Ruim,12.7,55.0,9.5,2022-02-16,True,False,-8.083225,-34.947168,349.25
366,Monteiro,Flamboyant,Calçada,Ruim,8.4,148.4,69.19,2022-03-12,False,False,-8.05287,-34.906684,623.28
367,Casa Forte,Ficus benjamina,Calçada,Crítica,18.8,39.1,4.8,2022-08-08,False,True,-8.107312,-34.817299,367.54
368,Ibura,Jaqueira,Canteiro,Boa,18.0,44.3,6.17,2022-02-22,False,False,-7.9844,-34.841723,398.7
369,Bomba do Hemetério,Cajueiro,Parque,Regular,9.7,115.6,41.98,2022-12-27,False,False,-8.154657,-34.854685,560.66
370,Jordão,Jaqueira,Canteiro,Boa,13.9,21.2,1.41,2022-09-21,True,False,-8.084861,-34.909331,147.34
371,Dois Unidos,Cajueiro,Praça,Ruim,16.5,79.6,19.91,2022-05-08,False,False,-8.069902,-34.847713,656.7
372,Pina,Sibipiruna,Calçada,Regular,14.9,138.3,60.09,2022-05-20,False,False,-8.001537,-35.005854,1030.34
373,Apipucos,Cajueiro,Canteiro,Boa,3.6,38.4,4.63,2022-12-02,True,False,-8.090383,-35.000925,69.12
374,Beberibe,Castanhola,Calçada,Regular,17.1,80.8,20.51,2022-09-10,False,True,-8.10165,-34.939196,690.84
375,Monteiro,Mangueira (Mangifera indica),Calçada,Boa,5.5,79.9,20.06,2022-09-01,False,True,-8.12666,-34.983031,219.73
376,Monteiro,Cajueiro,Canteiro,Boa,4.5,89.3,25.05,2022-06-04,False,False,-8.05589,-35.002553,200.92
377,Boa Viagem,Ficus benjamina,Área de lazer,Crítica,12.6,46.0,6.65,2022-05-05,True,False,-8.115761,-34.810702,289.8
378,Bomba do Hemetério,Mangueira (Mangifera indica),Calçada,Boa,16.7,138.1,59.92,2022-05-27,False,False,-8.154855,-34.816662,1153.13
379,Imbiribeira,Oiti (Licania tomentosa),Parque,Boa,15.1,119.8,45.09,2022-06-25,False,False,-8.117271,-34.813524,904.49
380,Monteiro,Ficus benjamina,Calçada,Ruim,16.4,136.8,58.79,2022-12-05,False,False,-8.107339,-34.992659,1121.76
381,Espinheiro,Ficus benjamina,Praça,Ruim,16.5,59.3,11.05,2022-11-02,True,False,-8.03123,-34.933876,489.22
382,Boa Viagem,Cajueiro,Parque,Crítica,3.3,76.0,18.15,2022-07-28,False,False,-7.95015,-34.838674,125.4
383,Beberibe,Jaqueira,Canteiro,Regular,7.0,96.8,29.44,2022-02-02,True,False,-8.165409,-34.986724,338.8
384,Monteiro,Castanhola,Canteiro,Crítica,14.5,49.7,7.76,2022-10-08,True,False,-7.971706,-34.971018,360.33
385,Beberibe,Mangueira (Mangifera indica),Área de lazer,Boa,13.2,129.9,53.01,2022-12-08,False,False,-8.012567,-34.845749,857.34
386,Imbiribeira,Amendoeira (Terminalia catappa),Praça,Boa,2.7,16.4,0.84,2022-05-01,False,False,-8.157593,-34.912305,22.14
387,Espinheiro,Pau-brasil,Calçada,Regular,10.5,49.4,7.67,2022-07-10,True,False,-7.959314,-34.828211,259.35
388,Bomba do Hemetério,Cajueiro,Área de lazer,Boa,17.2,71.2,15.93,2022-07-11,True,False,-8.060048,-34.899929,612.32
389,Ibura,Amendoeira (Terminalia catappa),Praça,Ruim,6.1,27.7,2.41,2022-05-01,False,True,-7.990536,-34.818613,84.48
390,Dois Unidos,Flamboyant,Praça,Ruim,13.8,17.8,1.0,2022-09-21,False,False,-7.936409,-34.787851,122.82
391,Arruda,Pau-brasil,Praça,Regular,7.8,26.3,2.17,2022-07-23,True,False,-8.085905,-34.915987,102.57
392,Bomba do Hemetério,Jaqueira,Calçada,Crítica,10.6,120.7,45.77,2022-01-08,False,False,-7.995797,-34.922613,639.71
393,Jordão,Amendoeira (Terminalia catappa),Área de lazer,Ruim,4.8,45.1,6.39,2022-06-12,True,False,-8.073899,-34.946352,108.24
394,Apipucos,Flamboyant,Área de lazer,Regular,11.3,93.1,27.23,2022-11-02,False,False,-7.972979,-34.970639,526.01
395,Casa Forte,Mangueira (Mangifera indica),Parque,Ruim,8.6,142.1,63.44,2022-07-07,False,False,-8.150895,-34.88828,611.03
396,Monteiro,Oiti (Licania tomentosa),Praça,Boa,8.2,24.5,1.89,2022-06-26,False,False,-7.96548,-34.866392,100.45
397,Água Fria,Sibipiruna,Calçada,Boa,18.7,47.3,7.03,2022-04-26,True,False,-8.005235,-34.896879,442.25
398,Casa Forte,Cajueiro,Praça,Boa,13.2,129.8,52.93,2022-12-22,False,False,-7.931318,-34.828128,856.68
399,Casa Forte,Pau-brasil,Canteiro,Boa,11.2,72.5,16.51,2022-03-23,False,False,-7.953719,-34.962396,406.0
400,Imbiribeira,Flamboyant,Parque,Crítica,2.4,23.1,1.68,2022-08-08,False,False,-8.106295,-34.8926,27.72
401,Graças,Amendoeira (Terminalia catappa),Praça,Regular,7.8,143.0,64.24,2022-11-01,True,False,-8.042404,-34.978749,557.7
402,Jordão,Ficus benjamina,Calçada,Ruim,2.5,53.6,9.03,2022-02-04,True,True,-8.159225,-34.991795,67.0
403,Dois Unidos,Cajueiro,Praça,Boa,18.6,77.6,18.92,2022-11-14,False,False,-8.047073,-34.954285,721.68
404,Espinheiro,Amendoeira (Terminalia catappa),Canteiro,Regular,12.5,8.2,0.21,2022-10-24,True,False,-8.02284,-34.845232,51.25
405,Pina,Pau-brasil,Parque,Regular,3.9,17.5,0.96,2022-10-15,False,False,-8.000064,-34.902176,34.12
406,Beberibe,Cajueiro,Calçada,Regular,9.5,32.4,3.3,2022-06-20,False,False,-8.07858,-34.907817,153.9
407,Imbiribeira,Pau-brasil,Calçada,Boa,11.4,130.9,53.83,2022-07-11,False,False,-8.013727,-34.998276,746.13
408,Boa Viagem,Flamboyant,Canteiro,Boa,11.3,58.0,10.57,2022-02-02,False,False,-7.994798,-34.850906,327.7
409,Dois Unidos,Oiti (Licania tomentosa),Canteiro,Boa,9.6,124.6,48.77,2022-05-20,False,False,-8.06988,-35.013363,598.08
410,Imbiribeira,Jaqueira,Parque,Boa,19.7,106.1,35.37,2022-04-23,False,False,-8.15984,-35.019495,1045.08
411,Imbiribeira,Oiti (Licania tomentosa),Parque,Boa,4.0,64.9,13.23,2022-10-28,True,False,-7.963874,-34.863898,129.8
412,Boa Viagem,Flamboyant,Calçada,Boa,8.1,19.7,1.22,2022-01-28,False,False,-7.931116,-34.789494,79.78
413,Monteiro,Ficus benjamina,Calçada,Boa,2.3,129.3,52.52,2022-04-19,False,False,-8.14509,-34.828503,148.69
414,Casa Forte,Pau-brasil,Praça,Ruim,6.6,103.2,33.46,2022-07-22,False,True,-8.014519,-34.980515,340.56
415,Arruda,Mangueira (Mangifera indica),Praça,Ruim,4.7,135.4,57.6,2022-12-24,False,True,-7.966916,-34.958811,318.19
416,Boa Viagem,Jaqueira,Calçada,Regular,14.8,33.3,3.48,2022-04-13,True,False,-7.996722,-34.865027,246.42
417,Imbiribeira,Cajueiro,Área de lazer,Regular,13.5,14.6,0.67,2022-04-16,True,False,-8.04893,-34.866268,98.55
418,Água Fria,Oiti (Licania tomentosa),Área de lazer,Boa,5.4,16.8,0.89,2022-04-23,False,False,-8.07254,-34.98028,45.36
419,Espinheiro,Castanhola,Parque,Boa,15.9,72.7,16.6,2022-08-09,False,False,-8.136016,-34.799337,577.97
420,Pina,Ficus benjamina,Área de lazer,Boa,14.9,111.8,39.27,2022-09-25,False,False,-7.933685,-34.915971,832.91
421,Graças,Amendoeira (Terminalia catappa),Calçada,Ruim,16.9,33.1,3.44,2022-07-12,False,False,-8.045966,-34.997306,279.69
422,Beberibe,Flamboyant,Parque,Regular,17.4,33.5,3.53,2022-03-27,False,False,-7.950457,-34.853517,291.45
423,Boa Viagem,Flamboyant,Canteiro,Crítica,6.9,33.7,3.57,2022-02-06,False,True,-8.064506,-34.926143,116.27
424,Bomba do Hemetério,Cajueiro,Canteiro,Boa,13.1,87.5,24.05,2022-08-20,False,False,-8.159191,-34.907773,573.12
425,Casa Forte,Jaqueira,Parque,Boa,4.6,58.0,10.57,2022-12-07,False,True,-8.135988,-34.852654,133.4
426,Graças,Amendoeira (Terminalia catappa),Canteiro,Regular,6.1,83.0,21.64,2022-04-18,False,False,-8.025015,-34.93793,253.15
427,Graças,Sibipiruna,Área de lazer,Boa,12.7,106.9,35.9,2022-02-03,False,False,-8.145238,-34.903899,678.82
428,Monteiro,Oiti (Licania tomentosa),Calçada,Regular,6.7,90.5,25.73,2022-11-14,False,False,-7.955896,-34.969602,303.18
429,Jordão,Pau-brasil,Canteiro,Ruim,18.1,38.9,4.75,2022-08-10,False,False,-8.162246,-34.814481,352.05
430,Casa Forte,Amendoeira (Terminalia catappa),Parque,Regular,12.3,13.3,0.56,2022-12-10,True,False,-8.001693,-34.847375,81.8
431,Graças,Oiti (Licania tomentosa),Canteiro,Regular,5.2,126.4,50.19,2022-01-04,True,False,-8.116545,-34.995282,328.64
432,Arruda,Jaqueira,Área de lazer,Ruim,5.3,63.7,12.75,2022-03-04,True,False,-8.025339,-34.870472,168.81
433,Imbiribeira,Pau-brasil,Área de lazer,Regular,3.2,7.6,0.18,2022-01-14,True,False,-7.978486,-34.947553,12.16
434,Dois Unidos,Mangueira (Mangifera indica),Área de lazer,Boa,11.5,113.9,40.76,2022-07-21,False,False,-7.963633,-34.805554,654.93
435,Jordão,Castanhola,Área de lazer,Regular,4.7,104.5,34.31,2022-06-09,False,False,-8.058649,-34.934557,245.58
436,Casa Forte,Oiti (Licania tomentosa),Canteiro,Regular,8.2,121.7,46.53,2022-05-13,False,False,-8.133965,-34.808853,498.97
437,Bomba do Hemetério,Jaqueira,Calçada,Regular,4.6,116.7,42.78,2022-02-11,False,False,-8.099375,-34.978012,268.41
438,Imbiribeira,Mangueira (Mangifera indica),Canteiro,Boa,10.1,24.3,1.86,2022-12-01,False,False,-7.93012,-34.806108,122.72
439,Espinheiro,Ficus benjamina,Calçada,Ruim,7.2,37.3,4.37,2022-03-12,True,False,-8.069443,-34.978267,134.28
440,Graças,Amendoeira (Terminalia catappa),Área de lazer,Regular,13.5,137.2,59.14,2022-04-07,False,False,-7.995739,-34.79576,926.1
441,Espinheiro,Pau-brasil,Canteiro,Crítica,12.2,146.2,67.15,2022-04-15,False,False,-7.972221,-34.994237,891.82
442,Dois Unidos,Castanhola,Área de lazer,Boa,14.6,22.1,1.53,2022-11-02,False,False,-8.075665,-34.876071,161.33
443,Dois Unidos,Cajueiro,Calçada,Boa,15.5,85.4,22.91,2022-09-28,True,False,-8.066329,-35.002434,661.85
444,Graças,Ficus benjamina,Calçada,Ruim,2.5,49.1,7.57,2022-04-17,False,False,-8.019074,-34.83488,61.38
445,Casa Forte,Cajueiro,Praça,Boa,6.6,74.5,17.44,2022-08-02,False,False,-7.972371,-34.95218,245.85
446,Beberibe,Amendoeira (Terminalia catappa),Canteiro,Boa,3.3,139.6,61.22,2022-05-17,False,True,-8.024897,-34.875008,230.34
447,Beberibe,Ficus benjamina,Canteiro,Boa,12.5,48.3,7.33,2022-03-19,False,False,-8.112063,-34.810962,301.88
448,Imbiribeira,Pau-brasil,Parque,Ruim,4.9,37.6,4.44,2022-05-12,True,True,-8.038258,-34.962971,92.12
449,Jordão,Amendoeira (Terminalia catappa),Praça,Regular,18.0,72.1,16.33,2022-02-16,True,True,-8.029132,-34.794612,648.9
450,Imbiribeira,Pau-brasil,Área de lazer,Regular,17.0,112.1,39.48,2022-02-14,True,False,-7.940776,-34.825611,952.85
451,Espinheiro,Amendoeira (Terminalia catappa),Canteiro,Boa,12.9,43.2,5.86,2022-10-05,False,False,-8.163744,-34.914524,278.64
452,Bomba do Hemetério,Mangueira (Mangifera indica),Área de lazer,Regular,4.0,97.7,29.99,2022-03-17,True,False,-8.101488,-34.807905,195.4
453,Pina,Castanhola,Parque,Regular,18.2,64.1,12.91,2022-05-04,False,False,-8.000838,-34.788874,583.31
454,Casa Forte,Pau-brasil,Calçada,Boa,16.2,68.2,14.61,2022-01-24,True,False,-8.164896,-34.867039,552.42
455,Jordão,Sibipiruna,Praça,Boa,18.4,142.3,63.61,2022-01-09,False,False,-8.157144,-34.951547,1309.16
456,Arruda,Castanhola,Parque,Boa,7.8,13.2,0.55,2022-08-24,True,False,-8.097528,-34.952589,51.48
457,Jordão,Jaqueira,Calçada,Boa,2.3,108.3,36.85,2022-03-14,True,True,-8.093185,-34.813079,124.54
458,Água Fria,Jaqueira,Praça,Crítica,18.3,133.7,56.16,2022-09-21,False,True,-8.099112,-34.991288,1223.36
459,Ibura,Oiti (Licania tomentosa),Área de lazer,Boa,12.8,37.7,4.47,2022-09-05,True,False,-8.095893,-34.952928,241.28
460,Beberibe,Mangueira (Mangifera indica),Praça,Ruim,12.7,82.6,21.43,2022-11-25,True,False,-7.930284,-34.930277,524.51
461,Arruda,Jaqueira,Calçada,Boa,10.8,80.5,20.36,2022-10-10,True,False,-8.079237,-34.830456,434.7
462,Beberibe,Castanhola,Praça,Regular,4.3,120.0,45.24,2022-03-07,True,False,-8.120952,-34.936221,258.0
463,Imbiribeira,Sibipiruna,Praça,Boa,2.1,145.3,66.33,2022-04-19,False,False,-8.157399,-34.90609,152.57
464,Apipucos,Cajueiro,Praça,Ruim,13.1,17.7,0.98,2022-08-17,False,False,-8.136189,-34.809031,115.93
465,Imbiribeira,Amendoeira (Terminalia catappa),Calçada,Regular,16.7,116.8,42.86,2022-05-14,False,False,-8.067114,-34.949801,975.28
466,Imbiribeira,Oiti (Licania tomentosa),Calçada,Regular,15.9,14.7,0.68,2022-12-22,False,False,-7.965187,-34.948436,116.86
467,Jordão,Flamboyant,Praça,Regular,13.0,62.2,12.15,2022-08-19,False,True,-7.981689,-34.924938,404.3
468,Graças,Ficus benjamina,Canteiro,Regular,9.5,28.8,2.61,2022-09-07,False,False,-7.964042,-34.82464,136.8
469,Monteiro,Jaqueira,Parque,Crítica,2.7,24.4,1.87,2022-12-28,True,False,-8.037354,-34.809442,32.94
470,Casa Forte,Amendoeira (Terminalia catappa),Canteiro,Regular,3.6,142.6,63.88,2022-04-19,True,False,-7.982746,-34.933048,256.68
471,Apipucos,Sibipiruna,Canteiro,Ruim,13.6,118.3,43.97,2022-09-10,True,False,-8.163829,-35.01421,804.44
472,Dois Unidos,Ficus benjamina,Praça,Boa,11.2,45.9,6.62,2022-07-22,False,False,-7.978828,-34.909094,257.04
473,Monteiro,Oiti (Licania tomentosa),Área de lazer,Regular,4.8,40.5,5.15,2022-02-07,False,True,-8.130613,-34.998525,97.2
474,Arruda,Pau-brasil,Canteiro,Boa,17.1,67.3,14.23,2022-10-06,False,False,-8.160776,-34.902118,575.42
475,Boa Viagem,Sibipiruna,Parque,Ruim,13.0,132.5,55.15,2022-04-18,False,False,-8.161079,-34.80699,861.25
476,Monteiro,Cajueiro,Canteiro,Regular,5.3,59.8,11.23,2022-05-28,False,False,-8.061405,-34.855984,158.47
477,Arruda,Pau-brasil,Calçada,Ruim,19.2,30.0,2.83,2022-09-10,True,False,-8.052355,-34.873957,288.0
478,Dois Unidos,Flamboyant,Canteiro,Boa,4.9,26.7,2.24,2022-11-23,True,False,-8.154581,-34.942992,65.42
479,Graças,Pau-brasil,Parque,Boa,18.9,46.9,6.91,2022-05-19,False,True,-8.054873,-34.845257,443.2
480,Beberibe,Sibipiruna,Praça,Ruim,10.7,135.8,57.94,2022-03-21,True,False,-8.114029,-34.806165,726.53
481,Boa Viagem,Oiti (Licania tomentosa),Praça,Ruim,3.6,7.5,0.18,2022-12-05,False,False,-7.964565,-34.947631,13.5
482,Imbiribeira,Oiti (Licania tomentosa),Canteiro,Boa,4.6,91.7,26.42,2022-05-06,False,False,-8.103389,-35.017214,210.91
483,Ibura,Pau-brasil,Área de lazer,Boa,6.2,95.1,28.41,2022-02-28,False,True,-7.952013,-34.93799,294.81
484,Água Fria,Pau-brasil,Área de lazer,Ruim,6.4,12.3,0.48,2022-07-16,False,False,-7.934355,-34.981118,39.36
485,Casa Forte,Amendoeira (Terminalia catappa),Área de lazer,Crítica,8.7,52.3,8.59,2022-06-27,False,False,-7.948476,-34.803608,227.5
486,Bomba do Hemetério,Jaqueira,Área de lazer,Ruim,19.9,29.9,2.81,2022-12-10,False,False,-7.942467,-34.814535,297.5
487,Bomba do Hemetério,Pau-brasil,Canteiro,Boa,15.6,96.4,29.19,2022-02-04,True,False,-8.138439,-34.880579,751.92
488,Dois Unidos,Castanhola,Praça,Boa,4.0,140.8,62.28,2022-05-22,True,False,-8.063779,-34.803321,281.6
489,Bomba do Hemetério,Ficus benjamina,Praça,Boa,15.2,48.9,7.51,2022-07-13,False,False,-8.071463,-35.019027,371.64
490,Ibura,Oiti (Licania tomentosa),Canteiro,Boa,8.8,113.9,40.76,2022-12-13,False,False,-8.079027,-34.841044,501.16
491,Imbiribeira,Jaqueira,Canteiro,Boa,8.6,16.5,0.86,2022-08-09,False,False,-8.143239,-34.818384,70.95
492,Monteiro,Oiti (Licania tomentosa),Área de lazer,Ruim,15.2,77.8,19.02,2022-08-21,False,False,-8.104032,-34.930552,591.28
493,Imbiribeira,Cajueiro,Parque,Crítica,4.8,134.0,56.41,2022-09-28,False,False,-7.985745,-34.999626,321.6
494,Pina,Cajueiro,Praça,Boa,9.1,87.6,24.11,2022-05-15,False,False,-8.128494,-34.867776,398.58
495,Arruda,Amendoeira (Terminalia catappa),Canteiro,Regular,16.1,97.6,29.93,2022-12-20,False,False,-8.047204,-34.888169,785.68
496,Água Fria,Oiti (Licania tomentosa),Área de lazer,Boa,3.0,94.9,28.29,2022-07-06,False,False,-8.04622,-34.790035,142.35
497,Bomba do Hemetério,Sibipiruna,Parque,Regular,19.5,130.2,53.26,2022-12-10,True,False,-8.003484,-34.932381,1269.45
498,Imbiribeira,Castanhola,Praça,Boa,13.7,91.5,26.3,2022-07-07,True,False,-8.115024,-34.796163,626.77
499,Beberibe,Jaqueira,Praça,Boa,12.4,92.3,26.76,2022-12-22,False,False,-7.937745,-34.986533,572.26
500,Beberibe,Ficus benjamina,Canteiro,Boa,16.1,123.5,47.92,2022-06-01,False,False,-8.077372,-34.795835,994.18
501,Ibura,Flamboyant,Canteiro,Regular,6.6,116.2,42.42,2022-12-05,True,False,-8.168976,-35.005675,383.46
502,Boa Viagem,Sibipiruna,Canteiro,Ruim,15.7,67.2,14.19,2022-06-05,False,False,-8.167652,-34.996169,527.52
503,Apipucos,Pau-brasil,Canteiro,Boa,14.4,116.3,42.49,2022-08-14,False,False,-7.9383,-34.931249,837.36
504,Ibura,Castanhola,Calçada,Regular,4.6,141.2,62.64,2022-05-19,False,False,-7.937614,-34.890825,324.76
505,Jordão,Castanhola,Parque,Ruim,13.2,84.7,22.54,2022-12-13,True,False,-7.942004,-35.01533,559.02
506,Beberibe,Flamboyant,Canteiro,Ruim,3.7,60.8,11.61,2022-06-09,True,True,-8.076532,-34.94717,112.48
507,Arruda,Oiti (Licania tomentosa),Parque,Boa,5.5,123.3,47.76,2022-05-20,False,False,-8.034848,-34.949861,339.07
508,Imbiribeira,Jaqueira,Calçada,Ruim,4.3,103.9,33.91,2022-11-13,False,False,-8.053429,-34.930361,223.38
509,Pina,Amendoeira (Terminalia catappa),Canteiro,Boa,2.2,28.0,2.46,2022-11-17,False,False,-8.013964,-34.970648,30.8
510,Imbiribeira,Castanhola,Praça,Boa,19.2,126.4,50.19,2022-08-21,False,False,-8.116307,-34.862261,1213.44
511,Imbiribeira,Pau-brasil,Parque,Boa,4.0,119.9,45.16,2022-09-07,False,True,-7.937561,-34.890321,239.8
512,Jordão,Cajueiro,Praça,Regular,16.5,59.8,11.23,2022-09-13,False,False,-8.013506,-34.88699,493.35
513,Bomba do Hemetério,Jaqueira,Canteiro,Regular,12.1,128.6,51.96,2022-01-25,False,False,-8.102128,-34.819432,778.03
514,Graças,Pau-brasil,Canteiro,Boa,18.8,102.9,33.26,2022-07-16,False,False,-8.07919,-34.819315,967.26
515,Jordão,Sibipiruna,Parque,Regular,13.3,61.6,11.92,2022-03-08,False,False,-8.043671,-34.925774,409.64
516,Beberibe,Sibipiruna,Calçada,Ruim,3.2,65.2,13.36,2022-09-08,True,False,-8.143476,-34.881594,104.32
517,Pina,Sibipiruna,Calçada,Boa,8.0,21.4,1.44,2022-08-08,True,False,-8.132907,-35.004457,85.6
518,Boa Viagem,Sibipiruna,Canteiro,Regular,16.2,135.1,57.34,2022-10-27,True,False,-7.936604,-34.88565,1094.31
519,Graças,Amendoeira (Terminalia catappa),Parque,Ruim,2.1,71.6,16.11,2022-01-11,False,True,-8.168766,-34.96144,75.18
520,Jordão,Sibipiruna,Calçada,Crítica,7.7,14.1,0.62,2022-04-10,False,False,-8.10521,-34.965212,54.28
521,Bomba do Hemetério,Jaqueira,Parque,Boa,10.8,98.8,30.67,2022-03-07,False,False,-7.996749,-34.952724,533.52
522,Imbiribeira,Amendoeira (Terminalia catappa),Canteiro,Boa,3.9,36.7,4.23,2022-01-26,False,False,-8.092649,-34.952854,71.56
523,Apipucos,Flamboyant,Praça,Boa,17.4,124.1,48.38,2022-06-09,False,False,-8.150944,-34.867053,1079.67
524,Imbiribeira,Pau-brasil,Parque,Regular,3.7,83.8,22.06,2022-05-10,False,False,-8.158226,-34.789655,155.03
525,Pina,Oiti (Licania tomentosa),Parque,Boa,2.1,35.4,3.94,2022-08-06,False,False,-8.166328,-35.01009,37.17
526,Imbiribeira,Pau-brasil,Calçada,Crítica,4.7,74.0,17.2,2022-09-20,False,False,-8.162991,-34.870861,173.9
527,Casa Forte,Flamboyant,Área de lazer,Boa,16.6,113.3,40.33,2022-10-11,False,True,-8.102577,-34.875029,940.39
528,Casa Forte,Amendoeira (Terminalia catappa),Calçada,Regular,18.3,67.3,14.23,2022-03-18,True,False,-8.017318,-34.915019,615.79
529,Boa Viagem,Amendoeira (Terminalia catappa),Parque,Boa,3.7,82.8,21.54,2022-12-22,True,False,-8.06789,-34.894437,153.18
530,Casa Forte,Amendoeira (Terminalia catappa),Calçada,Boa,7.4,106.6,35.7,2022-09-02,False,False,-8.073869,-34.988462,394.42
531,Imbiribeira,Amendoeira (Terminalia catappa),Calçada,Boa,8.7,77.1,18.67,2022-05-09,False,False,-8.022601,-34.903539,335.38
532,Boa Viagem,Pau-brasil,Calçada,Ruim,7.9,5.5,0.1,2022-11-03,False,False,-8.169928,-34.905088,21.73
533,Pina,Amendoeira (Terminalia catappa),Canteiro,Boa,8.9,112.8,39.97,2022-08-27,False,False,-7.983128,-34.780126,501.96
534,Beberibe,Oiti (Licania tomentosa),Parque,Boa,11.6,58.8,10.86,2022-02-09,False,False,-8.149656,-34.802812,341.04
535,Ibura,Sibipiruna,Parque,Regular,11.3,59.0,10.94,2022-07-04,False,False,-8.089672,-34.898444,333.35
536,Boa Viagem,Flamboyant,Praça,Crítica,3.4,87.1,23.83,2022-01-10,False,False,-8.086656,-34.949635,148.07
537,Água Fria,Sibipiruna,Calçada,Boa,2.2,114.7,41.33,2022-02-03,False,False,-7.961337,-34.993548,126.17
538,Imbiribeira,Pau-brasil,Canteiro,Ruim,15.3,94.4,28.0,2022-05-08,False,False,-8.045608,-34.790515,722.16
539,Espinheiro,Cajueiro,Calçada,Ruim,8.0,94.2,27.88,2022-11-27,False,True,-7.95648,-34.869914,376.8
540,Dois Unidos,Flamboyant,Parque,Boa,18.6,59.5,11.12,2022-12-20,False,False,-8.000912,-34.854022,553.35
541,Bomba do Hemetério,Sibipiruna,Canteiro,Crítica,5.6,125.6,49.56,2022-07-28,False,False,-8.049268,-35.018345,351.68
542,Casa Forte,Castanhola,Praça,Boa,17.1,84.4,22.38,2022-04-11,False,False,-8.063392,-35.002958,721.62
543,Monteiro,Pau-brasil,Área de lazer,Ruim,12.6,139.5,61.14,2022-12-14,False,False,-7.956132,-34.801232,878.85
544,Ibura,Cajueiro,Calçada,Ruim,4.8,46.0,6.65,2022-10-26,True,True,-7.994536,-34.994558,110.4
545,Espinheiro,Cajueiro,Calçada,Boa,10.2,73.4,16.93,2022-06-20,True,False,-8.049905,-34.803844,374.34
546,Imbiribeira,Mangueira (Mangifera indica),Praça,Boa,10.2,145.5,66.51,2022-01-21,False,False,-8.130923,-34.96029,742.05
547,Arruda,Jaqueira,Parque,Boa,18.9,52.4,8.63,2022-09-05,False,False,-8.005189,-34.960554,495.18
548,Jordão,Flamboyant,Parque,Regular,10.0,30.0,2.83,2022-06-09,False,False,-7.983126,-34.796612,150.0
549,Água Fria,Sibipiruna,Praça,Crítica,2.7,52.2,8.56,2022-03-03,False,False,-8.032296,-35.015487,70.47
550,Pina,Oiti (Licania tomentosa),Canteiro,Boa,17.5,87.6,24.11,2022-10-23,False,False,-7.992183,-34.789521,766.5
551,Bomba do Hemetério,Cajueiro,Canteiro,Boa,9.7,91.7,26.42,2022-08-24,False,False,-7.982624,-34.837092,444.75
552,Bomba do Hemetério,Ficus benjamina,Parque,Ruim,8.9,109.5,37.67,2022-09-20,False,False,-8.128143,-34.927272,487.28
553,Arruda,Flamboyant,Calçada,Regular,19.7,126.4,50.19,2022-01-20,False,False,-8.067712,-34.8315,1245.04
554,Dois Unidos,Sibipiruna,Área de lazer,Boa,10.2,128.3,51.71,2022-04-03,True,False,-8.100951,-34.882738,654.33
555,Boa Viagem,Cajueiro,Calçada,Regular,13.6,36.6,4.21,2022-06-05,False,True,-8.050362,-34.910751,248.88
556,Graças,Cajueiro,Praça,Boa,3.6,21.6,1.47,2022-11-19,False,False,-8.164062,-34.958211,38.88
557,Apipucos,Mangueira (Mangifera indica),Calçada,Boa,3.9,98.4,30.42,2022-05-03,True,False,-7.945766,-34.784685,191.88
558,Jordão,Cajueiro,Parque,Regular,4.5,33.4,3.5,2022-12-27,False,False,-7.98884,-35.010405,75.15
559,Água Fria,Flamboyant,Calçada,Regular,18.3,70.4,15.57,2022-05-21,True,False,-8.133801,-34.788159,644.16
560,Apipucos,Oiti (Licania tomentosa),Parque,Boa,4.3,56.5,10.03,2022-03-20,False,False,-8.138187,-34.995904,121.47
561,Espinheiro,Flamboyant,Parque,Boa,15.6,82.7,21.49,2022-10-03,False,False,-7.996787,-34.937951,645.06
562,Bomba do Hemetério,Jaqueira,Canteiro,Regular,11.5,142.1,63.44,2022-02-19,False,False,-8.142876,-34.837851,817.07
563,Dois Unidos,Ficus benjamina,Calçada,Ruim,15.4,100.6,31.79,2022-12-01,False,False,-8.138092,-34.784741,774.62
564,Espinheiro,Jaqueira,Calçada,Boa,19.7,141.7,63.08,2022-04-09,False,False,-8.098285,-34.850746,1395.74
565,Imbiribeira,Oiti (Licania tomentosa),Área de lazer,Boa,18.3,54.2,9.23,2022-07-09,False,False,-8.080032,-34.913859,495.93
566,Água Fria,Jaqueira,Canteiro,Ruim,8.7,146.5,67.43,2022-09-08,False,False,-8.047394,-34.951176,637.27
567,Imbiribeira,Ficus benjamina,Praça,Boa,2.8,95.6,28.71,2022-08-08,True,False,-7.946894,-34.849002,133.84
568,Dois Unidos,Mangueira (Mangifera indica),Calçada,Boa,10.9,133.8,56.24,2022-09-07,False,False,-8.155621,-34.965789,729.21
569,Boa Viagem,Sibipiruna,Calçada,Boa,8.2,103.0,33.33,2022-02-22,True,False,-8.052768,-34.951963,422.3
570,Casa Forte,Amendoeira (Terminalia catappa),Área de lazer,Ruim,19.6,125.0,49.09,2022-07-19,False,False,-8.082072,-34.917008,1225.0
571,Monteiro,Amendoeira (Terminalia catappa),Parque,Boa,5.2,76.3,18.29,2022-11-18,False,False,-8.110016,-34.91493,198.38
572,Bomba do Hemetério,Jaqueira,Calçada,Boa,13.2,54.9,9.47,2022-07-05,False,False,-8.131887,-34.952058,362.34
573,Bomba do Hemetério,Sibipiruna,Parque,Regular,11.5,62.3,12.19,2022-01-06,False,False,-8.061856,-34.845063,358.22
574,Ibura,Pau-brasil,Canteiro,Crítica,5.6,96.8,29.44,2022-09-28,True,False,-8.106735,-34.841032,271.04
575,Apipucos,Sibipiruna,Área de lazer,Boa,14.7,50.5,8.01,2022-06-21,True,False,-7.971898,-34.802162,371.17
576,Monteiro,Mangueira (Mangifera indica),Parque,Crítica,16.7,36.0,4.07,2022-05-21,False,True,-8.106309,-34.869316,300.6
577,Monteiro,Sibipiruna,Parque,Crítica,7.8,144.9,65.96,2022-03-15,False,False,-8.052155,-34.820363,565.11
578,Dois Unidos,Mangueira (Mangifera indica),Canteiro,Boa,16.0,81.0,20.61,2022-12-25,False,True,-7.968359,-34.857235,648.0
579,Dois Unidos,Ficus benjamina,Parque,Regular,5.7,39.9,5.0,2022-06-19,False,False,-8.024237,-34.925187,113.72
580,Boa Viagem,Oiti (Licania tomentosa),Praça,Regular,14.4,71.9,16.24,2022-10-24,True,False,-8.008305,-34.903781,517.68
581,Boa Viagem,Mangueira (Mangifera indica),Parque,Boa,3.9,86.0,23.24,2022-01-17,False,False,-8.09347,-34.867531,167.7
582,Graças,Cajueiro,Praça,Boa,17.4,87.7,24.16,2022-10-05,False,False,-7.950365,-34.852062,762.99
583,Espinheiro,Flamboyant,Canteiro,Regular,16.6,101.5,32.37,2022-09-05,False,False,-8.121625,-34.965518,842.45
584,Espinheiro,Pau-brasil,Calçada,Regular,10.2,91.3,26.19,2022-05-22,True,False,-8.068221,-34.832723,465.63
585,Espinheiro,Cajueiro,Praça,Boa,10.5,123.1,47.61,2022-11-16,False,False,-7.948933,-34.961395,646.27
586,Apipucos,Sibipiruna,Parque,Ruim,8.7,20.2,1.28,2022-11-09,True,True,-7.94014,-34.800609,87.87
587,Graças,Jaqueira,Parque,Boa,14.8,14.6,0.67,2022-02-03,True,False,-8.02165,-35.00703,108.04
588,Pina,Pau-brasil,Praça,Ruim,11.2,143.0,64.24,2022-07-10,True,True,-7.986642,-34.783953,800.8
589,Ibura,Cajueiro,Calçada,Boa,16.5,119.2,44.64,2022-02-08,True,False,-8.056114,-34.834411,983.4
590,Água Fria,Flamboyant,Calçada,Boa,4.2,118.6,44.19,2022-08-27,True,False,-8.137759,-34.941405,249.06
591,Espinheiro,Sibipiruna,Área de lazer,Regular,18.4,104.1,34.04,2022-02-09,False,False,-8.035543,-34.895598,957.72
592,Apipucos,Cajueiro,Área de lazer,Crítica,18.4,115.2,41.69,2022-02-14,False,True,-8.015096,-34.909372,1059.84
593,Arruda,Cajueiro,Área de lazer,Regular,4.7,135.3,57.51,2022-03-28,True,False,-7.97368,-34.876712,317.96
594,Casa Forte,Oiti (Licania tomentosa),Praça,Boa,13.9,62.3,12.19,2022-10-20,False,True,-8.163564,-34.998098,432.99
595,Apipucos,Castanhola,Calçada,Boa,18.7,121.3,46.22,2022-08-04,True,False,-8.105455,-34.786368,1134.15
596,Espinheiro,Flamboyant,Canteiro,Boa,15.2,33.4,3.5,2022-07-18,False,False,-8.169426,-34.859794,253.84
597,Imbiribeira,Castanhola,Parque,Regular,6.7,80.0,20.11,2022-10-02,False,False,-8.103181,-34.952104,268.0
598,Imbiribeira,Pau-brasil,Calçada,Ruim,17.7,40.9,5.26,2022-12-17,False,False,-8.144736,-34.976018,361.96
599,Boa Viagem,Flamboyant,Parque,Boa,14.3,69.1,15.0,2022-11-26,True,False,-8.120433,-34.866044,494.06
600,Beberibe,Cajueiro,Praça,Boa,12.3,24.0,1.81,2022-02-18,True,False,-8.169964,-34.864212,147.6
601,Monteiro,Mangueira (Mangifera indica),Calçada,Crítica,5.7,141.1,62.55,2022-07-20,False,True,-8.159145,-34.895853,402.13
602,Monteiro,Flamboyant,Canteiro,Regular,9.0,90.0,25.45,2022-05-02,False,True,-7.955363,-35.012456,405.0
603,Dois Unidos,Cajueiro,Parque,Crítica,17.3,13.2,0.55,2022-05-25,False,False,-8.129085,-34.832543,114.18
604,Graças,Cajueiro,Área de lazer,Regular,18.3,90.9,25.96,2022-09-03,False,False,-8.008776,-34.940454,831.74
605,Imbiribeira,Pau-brasil,Parque,Regular,18.5,92.2,26.71,2022-11-08,False,False,-8.047449,-34.892301,852.85
606,Apipucos,Pau-brasil,Calçada,Boa,14.2,93.8,27.64,2022-09-11,False,False,-7.967984,-34.87785,665.98
607,Monteiro,Ficus benjamina,Praça,Boa,18.1,66.2,13.77,2022-07-01,True,False,-7.931665,-34.844585,599.11
608,Beberibe,Ficus benjamina,Praça,Crítica,19.4,120.1,45.31,2022-09-04,False,False,-8.133834,-34.840678,1164.97
609,Água Fria,Castanhola,Parque,Ruim,16.4,39.3,4.85,2022-03-15,True,False,-7.969548,-34.935807,322.26
610,Dois Unidos,Amendoeira (Terminalia catappa),Canteiro,Boa,18.7,72.4,16.47,2022-05-04,False,False,-7.986591,-34.806684,676.94
611,Arruda,Cajueiro,Praça,Boa,17.4,12.1,0.46,2022-10-15,False,False,-8.066161,-34.944892,105.27
612,Graças,Ficus benjamina,Canteiro,Regular,19.9,145.2,66.23,2022-01-05,False,False,-8.009245,-34.991139,1444.74
613,Arruda,Sibipiruna,Calçada,Ruim,16.7,142.2,63.53,2022-06-26,False,False,-8.142153,-34.863383,1187.37
614,Bomba do Hemetério,Jaqueira,Calçada,Boa,8.9,108.6,37.05,2022-02-19,False,False,-8.081613,-34.96535,483.27
615,Água Fria,Oiti (Licania tomentosa),Calçada,Boa,11.3,139.0,60.7,2022-03-14,False,False,-8.01778,-34.910918,785.35
616,Dois Unidos,Oiti (Licania tomentosa),Parque,Regular,7.7,51.1,8.2,2022-11-12,False,False,-8.06812,-34.910712,196.74
617,Beberibe,Amendoeira (Terminalia catappa),Parque,Boa,6.5,149.0,69.75,2022-10-13,True,False,-8.141515,-34.861366,484.25
618,Apipucos,Ficus benjamina,Praça,Boa,18.8,58.4,10.71,2022-06-24,True,False,-8.039826,-34.807135,548.96
619,Imbiribeira,Amendoeira (Terminalia catappa),Canteiro,Boa,11.6,27.9,2.45,2022-08-04,False,False,-7.966463,-34.792379,161.82
620,Casa Forte,Oiti (Licania tomentosa),Calçada,Ruim,9.3,137.0,58.96,2022-03-15,True,False,-8.099181,-34.827591,637.05
621,Jordão,Pau-brasil,Área de lazer,Regular,13.8,45.4,6.48,2022-06-01,False,False,-8.161579,-34.957088,313.26
622,Monteiro,Mangueira (Mangifera indica),Praça,Regular,7.7,127.6,51.15,2022-02-13,False,False,-7.976459,-34.813433,491.26
623,Dois Unidos,Cajueiro,Área de lazer,Regular,7.8,145.5,66.51,2022-05-13,False,False,-8.162041,-34.86904,567.45
624,Imbiribeira,Pau-brasil,Canteiro,Ruim,2.8,34.4,3.72,2022-05-26,False,False,-8.071969,-34.859855,48.16
625,Espinheiro,Jaqueira,Canteiro,Ruim,13.6,112.5,39.76,2022-10-22,False,False,-8.129857,-34.990335,765.0
626,Ibura,Flamboyant,Calçada,Boa,16.5,79.0,19.61,2022-11-25,True,False,-8.092569,-35.013418,651.75
627,Bomba do Hemetério,Cajueiro,Área de lazer,Boa,5.4,133.3,55.82,2022-09-10,False,False,-7.993317,-34.941392,359.91
628,Monteiro,Oiti (Licania tomentosa),Canteiro,Regular,9.0,33.1,3.44,2022-01-22,True,False,-7.940679,-34.947415,148.95
629,Bomba do Hemetério,Mangueira (Mangifera indica),Calçada,Boa,15.0,10.8,0.37,2022-04-19,True,False,-7.939039,-34.960844,81.0
630,Pina,Ficus benjamina,Área de lazer,Regular,6.1,47.5,7.09,2022-07-23,False,False,-8.118169,-34.993541,144.88
631,Jordão,Flamboyant,Parque,Boa,19.8,24.1,1.82,2022-11-13,False,False,-8.158871,-34.844135,238.59
632,Casa Forte,Flamboyant,Parque,Regular,18.9,145.7,66.69,2022-03-04,False,True,-8.093844,-35.005659,1376.86
633,Monteiro,Mangueira (Mangifera indica),Área de lazer,Regular,8.5,35.3,3.91,2022-07-12,False,False,-8.08431,-34.940945,150.02
634,Monteiro,Castanhola,Praça,Boa,5.5,125.2,49.24,2022-10-17,True,True,-7.968245,-34.805791,344.3
635,Casa Forte,Jaqueira,Praça,Boa,14.0,140.9,62.37,2022-04-08,True,True,-8.107791,-34.799111,986.3
636,Pina,Flamboyant,Área de lazer,Ruim,6.1,87.7,24.16,2022-03-16,True,False,-8.102605,-34.945086,267.49
637,Graças,Mangueira (Mangifera indica),Área de lazer,Boa,3.2,49.5,7.7,2022-04-18,True,False,-7.972029,-34.971573,79.2
638,Água Fria,Jaqueira,Calçada,Ruim,13.1,79.2,19.71,2022-08-21,False,False,-8.101379,-34.84795,518.76
639,Graças,Sibipiruna,Parque,Regular,9.9,64.1,12.91,2022-05-21,True,False,-8.158393,-34.951178,317.29
640,Graças,Sibipiruna,Canteiro,Boa,9.6,123.0,47.53,2022-10-11,True,True,-7.98618,-35.008016,590.4
641,Boa Viagem,Cajueiro,Calçada,Regular,2.5,14.3,0.64,2022-02-28,False,False,-8.148839,-34.820762,17.88
642,Beberibe,Cajueiro,Praça,Regular,7.7,106.9,35.9,2022-12-23,False,False,-7.931398,-34.935254,411.57
643,Água Fria,Flamboyant,Praça,Regular,17.3,9.6,0.29,2022-02-18,False,True,-8.089841,-34.86377,83.04
644,Dois Unidos,Amendoeira (Terminalia catappa),Praça,Regular,6.1,115.0,41.55,2022-01-13,True,False,-8.025968,-34.808381,350.75
645,Dois Unidos,Flamboyant,Praça,Regular,9.9,143.9,65.05,2022-07-10,False,False,-8.080627,-34.874579,712.31
646,Bomba do Hemetério,Ficus benjamina,Parque,Crítica,17.2,106.5,35.63,2022-10-23,False,False,-7.986657,-34.879887,915.9
647,Bomba do Hemetério,Mangueira (Mangifera indica),Calçada,Boa,5.5,79.0,19.61,2022-01-13,True,False,-8.093483,-34.856047,217.25
648,Casa Forte,Castanhola,Canteiro,Boa,13.5,12.7,0.51,2022-10-25,False,False,-7.954244,-34.78127,85.72
649,Apipucos,Jaqueira,Canteiro,Regular,15.0,95.6,28.71,2022-06-16,False,False,-7.95115,-34.941509,717.0
650,Monteiro,Mangueira (Mangifera indica),Calçada,Ruim,17.2,11.3,0.4,2022-06-11,False,False,-8.16562,-34.810445,97.18
651,Bomba do Hemetério,Jaqueira,Praça,Regular,5.6,6.6,0.14,2022-07-07,False,False,-8.118423,-34.833396,18.48
652,Boa Viagem,Pau-brasil,Parque,Boa,14.8,36.8,4.25,2022-07-06,False,False,-7.996543,-35.010845,272.32
653,Pina,Pau-brasil,Canteiro,Boa,10.8,136.5,58.53,2022-11-03,False,False,-7.946741,-34.813944,737.1
654,Beberibe,Flamboyant,Praça,Boa,19.7,116.0,42.27,2022-01-15,True,False,-8.096757,-34.900845,1142.6
655,Dois Unidos,Castanhola,Parque,Regular,13.6,120.5,45.62,2022-08-24,True,False,-8.086444,-34.871007,819.4
656,Jordão,Jaqueira,Parque,Boa,16.6,85.7,23.07,2022-03-24,True,False,-7.97554,-34.934746,711.31
657,Água Fria,Amendoeira (Terminalia catappa),Parque,Regular,7.3,76.5,18.39,2022-09-03,False,False,-8.002258,-34.957757,279.22
658,Apipucos,Jaqueira,Canteiro,Regular,13.9,15.7,0.77,2022-07-07,False,True,-7.934772,-35.01813,109.11
659,Boa Viagem,Flamboyant,Praça,Boa,19.9,75.5,17.91,2022-10-05,False,True,-8.13481,-34.788036,751.22
660,Imbiribeira,Ficus benjamina,Parque,Boa,11.4,120.3,45.47,2022-02-05,True,True,-8.111154,-34.853619,685.71
661,Monteiro,Amendoeira (Terminalia catappa),Canteiro,Regular,15.7,134.6,56.92,2022-06-23,False,False,-8.144613,-35.015057,1056.61
662,Pina,Amendoeira (Terminalia catappa),Calçada,Boa,10.0,108.9,37.26,2022-04-11,True,False,-8.077695,-34.962498,544.5
663,Água Fria,Flamboyant,Área de lazer,Ruim,17.0,97.9,30.11,2022-09-06,False,False,-8.085448,-34.797166,832.15
664,Boa Viagem,Pau-brasil,Canteiro,Regular,19.9,57.1,10.24,2022-09-06,False,False,-8.061966,-34.918356,568.14
665,Jordão,Mangueira (Mangifera indica),Parque,Regular,10.9,107.3,36.17,2022-01-09,False,False,-7.948075,-34.829007,584.78
666,Água Fria,Castanhola,Calçada,Ruim,14.0,110.1,38.08,2022-10-07,False,False,-8.014247,-34.849547,770.7
667,Boa Viagem,Ficus benjamina,Calçada,Regular,9.0,95.6,28.71,2022-02-16,True,True,-7.933604,-34.811046,430.2
668,Bomba do Hemetério,Mangueira (Mangifera indica),Calçada,Boa,12.0,65.4,13.44,2022-05-14,False,True,-8.067095,-34.852079,392.4
669,Imbiribeira,Pau-brasil,Parque,Ruim,16.2,20.3,1.29,2022-05-01,False,False,-8.080546,-34.999061,164.43
670,Pina,Cajueiro,Calçada,Regular,16.5,106.8,35.83,2022-02-10,False,False,-8.169358,-34.849439,881.1
671,Apipucos,Mangueira (Mangifera indica),Canteiro,Ruim,11.6,138.2,60.0,2022-10-21,False,False,-7.931943,-34.815382,801.56
672,Jordão,Flamboyant,Canteiro,Ruim,14.8,18.6,1.09,2022-07-01,True,False,-7.989766,-34.847638,137.64
673,Jordão,Cajueiro,Parque,Ruim,18.6,87.7,24.16,2022-09-24,False,False,-7.955076,-34.989249,815.61
674,Monteiro,Amendoeira (Terminalia catappa),Calçada,Boa,13.3,67.5,14.31,2022-10-12,False,False,-8.052992,-34.8001,448.88
675,Beberibe,Oiti (Licania tomentosa),Parque,Boa,15.9,100.1,31.48,2022-12-03,False,False,-7.934272,-34.945374,795.79
676,Jordão,Mangueira (Mangifera indica),Praça,Boa,5.1,86.6,23.56,2022-01-18,False,False,-8.026885,-34.870705,220.83
677,Pina,Oiti (Licania tomentosa),Canteiro,Boa,17.3,51.6,8.36,2022-01-24,True,False,-7.935024,-34.925988,446.34
678,Bomba do Hemetério,Pau-brasil,Calçada,Regular,8.3,101.1,32.11,2022-04-18,False,False,-8.011121,-34.901226,419.56
679,Graças,Cajueiro,Área de lazer,Boa,7.1,128.5,51.87,2022-12-13,True,False,-8.114103,-34.988289,456.17
680,Monteiro,Flamboyant,Parque,Regular,17.8,42.9,5.78,2022-02-11,True,False,-8.006072,-35.018025,381.81
681,Beberibe,Castanhola,Praça,Boa,7.1,61.6,11.92,2022-11-22,False,False,-7.946538,-34.797978,218.68
682,Boa Viagem,Castanhola,Praça,Boa,9.6,30.7,2.96,2022-09-08,True,False,-8.085975,-35.000052,147.36
683,Espinheiro,Jaqueira,Canteiro,Regular,12.3,41.8,5.49,2022-08-15,False,False,-8.101737,-34.909143,257.07
684,Boa Viagem,Mangueira (Mangifera indica),Praça,Regular,19.7,99.7,31.23,2022-04-03,True,False,-8.035373,-34.831886,982.04
685,Ibura,Flamboyant,Área de lazer,Ruim,18.5,85.6,23.02,2022-10-11,False,False,-8.015622,-34.796513,791.8
686,Casa Forte,Pau-brasil,Praça,Crítica,10.7,22.1,1.53,2022-04-17,True,False,-8.05225,-34.977348,118.23
687,Pina,Pau-brasil,Parque,Boa,17.2,62.6,12.31,2022-12-26,True,False,-8.043352,-34.945923,538.36
688,Espinheiro,Ficus benjamina,Calçada,Ruim,14.1,134.5,56.83,2022-10-19,False,False,-8.028808,-34.921885,948.23
689,Espinheiro,Mangueira (Mangifera indica),Canteiro,Boa,15.9,90.6,25.79,2022-05-11,False,False,-8.114203,-34.876544,720.27
690,Monteiro,Cajueiro,Praça,Boa,18.5,114.8,41.4,2022-09-06,True,False,-7.950099,-34.891601,1061.9
691,Beberibe,Oiti (Licania tomentosa),Praça,Regular,12.2,135.4,57.6,2022-03-19,False,False,-8.032478,-34.878947,825.94
692,Imbiribeira,Flamboyant,Calçada,Regular,2.2,35.8,4.03,2022-02-19,False,True,-8.095071,-34.893645,39.38
693,Dois Unidos,Mangueira (Mangifera indica),Calçada,Ruim,14.2,108.1,36.71,2022-06-12,True,False,-8.049135,-34.824464,767.51
694,Jordão,Amendoeira (Terminalia catappa),Área de lazer,Boa,19.7,12.9,0.52,2022-12-25,True,True,-8.127424,-34.820494,127.06
695,Jordão,Jaqueira,Calçada,Boa,3.3,50.9,8.14,2022-05-15,True,False,-8.151458,-34.943926,83.98
696,Jordão,Ficus benjamina,Área de lazer,Boa,3.7,121.8,46.61,2022-05-18,False,False,-8.026826,-34.986406,225.33
697,Beberibe,Pau-brasil,Canteiro,Regular,5.7,32.3,3.28,2022-12-06,False,False,-8.16861,-34.856815,92.05
698,Espinheiro,Amendoeira (Terminalia catappa),Canteiro,Regular,7.6,95.8,28.83,2022-04-21,True,False,-7.97898,-34.961983,364.04
699,Graças,Flamboyant,Canteiro,Regular,7.7,122.9,47.45,2022-10-27,True,False,-7.944735,-34.792276,473.17
700,Beberibe,Pau-brasil,Parque,Boa,9.4,115.2,41.69,2022-06-11,False,True,-8.035609,-34.810828,541.44
701,Imbiribeira,Flamboyant,Parque,Regular,7.0,58.3,10.68,2022-11-13,False,False,-8.06001,-34.914079,204.05
702,Casa Forte,Flamboyant,Canteiro,Crítica,12.7,30.7,2.96,2022-12-04,False,False,-8.140512,-34.899672,194.94
703,Jordão,Amendoeira (Terminalia catappa),Área de lazer,Boa,11.2,10.7,0.36,2022-01-20,True,False,-8.009833,-34.92866,59.92
704,Beberibe,Castanhola,Canteiro,Regular,3.0,36.0,4.07,2022-06-26,False,False,-8.009054,-34.805707,54.0
705,Beberibe,Jaqueira,Parque,Crítica,17.8,44.9,6.33,2022-09-11,False,False,-7.937445,-34.976638,399.61
706,Jordão,Ficus benjamina,Parque,Boa,12.0,36.0,4.07,2022-07-27,False,False,-7.930447,-34.80053,216.0
707,Beberibe,Flamboyant,Calçada,Crítica,6.3,82.0,21.12,2022-02-24,False,True,-7.990861,-34.861941,258.3
708,Pina,Jaqueira,Canteiro,Regular,2.7,98.4,30.42,2022-12-21,True,True,-7.952261,-34.895438,132.84
709,Dois Unidos,Sibipiruna,Canteiro,Regular,4.7,37.0,4.3,2022-09-23,False,False,-8.019117,-34.95637,86.95
710,Monteiro,Amendoeira (Terminalia catappa),Calçada,Boa,19.8,95.9,28.89,2022-11-25,True,False,-7.976436,-34.938949,949.41
711,Imbiribeira,Pau-brasil,Área de lazer,Boa,19.1,80.0,20.11,2022-05-05,True,False,-7.934743,-34.838905,764.0
712,Beberibe,Pau-brasil,Área de lazer,Boa,14.1,144.6,65.69,2022-05-19,False,False,-8.027858,-34.840423,1019.43
713,Graças,Mangueira (Mangifera indica),Canteiro,Boa,9.4,81.0,20.61,2022-10-07,False,False,-8.133837,-34.892354,380.7
714,Beberibe,Sibipiruna,Parque,Boa,16.6,118.5,44.11,2022-12-15,False,False,-8.126927,-35.00496,983.55
715,Monteiro,Flamboyant,Parque,Boa,2.4,135.2,57.43,2022-07-28,True,True,-7.970488,-34.818761,162.24
716,Ibura,Castanhola,Canteiro,Ruim,11.8,11.5,0.42,2022-01-28,False,False,-7.938864,-34.836948,67.85
717,Jordão,Ficus benjamina,Calçada,Boa,10.1,65.5,13.48,2022-01-21,True,False,-8.113082,-34.860361,330.77
718,Casa Forte,Amendoeira (Terminalia catappa),Área de lazer,Boa,10.8,90.3,25.62,2022-11-13,True,True,-8.018636,-35.018029,487.62
719,Água Fria,Mangueira (Mangifera indica),Área de lazer,Regular,10.6,75.1,17.72,2022-02-19,True,False,-7.949877,-34.918886,398.03
720,Beberibe,Flamboyant,Canteiro,Ruim,7.5,105.1,34.7,2022-05-09,True,False,-8.107171,-34.858535,394.12
721,Graças,Amendoeira (Terminalia catappa),Parque,Boa,7.6,64.5,13.07,2022-03-26,True,False,-8.135504,-34.8457,245.1
722,Monteiro,Jaqueira,Parque,Ruim,9.7,33.8,3.59,2022-02-26,True,True,-7.997817,-34.901648,163.93
723,Imbiribeira,Ficus benjamina,Praça,Boa,10.5,85.1,22.75,2022-05-27,True,False,-7.982764,-34.846913,446.77
724,Dois Unidos,Ficus benjamina,Praça,Boa,11.1,57.6,10.42,2022-03-15,True,False,-8.140505,-34.909497,319.68
725,Arruda,Mangueira (Mangifera indica),Parque,Regular,17.1,5.0,0.08,2022-02-12,False,False,-7.944677,-34.875337,42.75
726,Apipucos,Pau-brasil,Calçada,Boa,11.7,84.9,22.64,2022-11-12,False,False,-7.944627,-34.891387,496.67
727,Apipucos,Jaqueira,Área de lazer,Ruim,15.5,142.6,63.88,2022-12-17,True,False,-7.96608,-34.783505,1105.15
728,Apipucos,Castanhola,Canteiro,Regular,19.0,14.0,0.62,2022-12-01,False,False,-8.099083,-34.824326,133.0
729,Jordão,Amendoeira (Terminalia catappa),Parque,Boa,2.8,69.7,15.26,2022-03-13,False,False,-7.971006,-34.830561,97.58
730,Dois Unidos,Castanhola,Praça,Regular,15.4,5.2,0.08,2022-12-04,False,False,-7.984073,-34.875168,40.04
731,Imbiribeira,Flamboyant,Calçada,Boa,8.1,29.9,2.81,2022-08-01,True,False,-8.114039,-34.873369,121.09
732,Pina,Jaqueira,Parque,Boa,8.6,104.1,34.04,2022-09-17,False,True,-7.983463,-35.001437,447.63
733,Casa Forte,Jaqueira,Praça,Ruim,10.6,34.4,3.72,2022-11-11,False,False,-7.994439,-34.987437,182.32
734,Arruda,Castanhola,Calçada,Boa,15.7,84.6,22.48,2022-09-23,True,False,-8.128834,-34.821973,664.11
735,Imbiribeira,Pau-brasil,Parque,Boa,4.8,53.0,8.82,2022-01-06,False,False,-8.158849,-34.929383,127.2
736,Beberibe,Jaqueira,Canteiro,Ruim,11.7,120.9,45.92,2022-07-08,False,False,-8.165068,-34.946284,707.26
737,Ibura,Mangueira (Mangifera indica),Calçada,Boa,19.5,103.1,33.39,2022-02-11,True,False,-7.995422,-34.835936,1005.22
738,Ibura,Cajueiro,Parque,Crítica,16.0,115.1,41.62,2022-08-10,True,False,-8.165952,-35.015445,920.8
739,Monteiro,Ficus benjamina,Parque,Crítica,2.7,102.3,32.88,2022-10-19,True,False,-8.033647,-34.871266,138.11
740,Boa Viagem,Flamboyant,Praça,Ruim,6.8,134.8,57.09,2022-10-09,False,False,-7.934562,-34.780233,458.32
741,Casa Forte,Oiti (Licania tomentosa),Calçada,Crítica,2.4,62.6,12.31,2022-12-02,False,False,-8.061007,-34.78287,75.12
742,Jordão,Amendoeira (Terminalia catappa),Calçada,Boa,13.8,123.1,47.61,2022-01-02,False,False,-8.159638,-34.931062,849.39
743,Apipucos,Pau-brasil,Calçada,Regular,6.3,126.7,50.43,2022-07-27,False,False,-8.129596,-34.849358,399.11
744,Casa Forte,Castanhola,Parque,Boa,5.8,76.6,18.43,2022-06-14,False,True,-8.105217,-34.788714,222.14
745,Espinheiro,Ficus benjamina,Calçada,Boa,19.9,76.5,18.39,2022-07-14,False,False,-7.983193,-35.002039,761.17
746,Monteiro,Sibipiruna,Calçada,Boa,19.0,42.5,5.67,2022-11-12,True,False,-8.058956,-34.8166,403.75
747,Graças,Jaqueira,Área de lazer,Ruim,15.1,127.4,50.99,2022-02-23,False,True,-8.009153,-35.018721,961.87
748,Dois Unidos,Oiti (Licania tomentosa),Calçada,Ruim,18.2,107.5,36.3,2022-12-17,True,False,-8.168788,-34.876965,978.25
749,Casa Forte,Flamboyant,Parque,Regular,10.5,103.7,33.78,2022-04-19,True,True,-7.95343,-34.886669,544.43
750,Ibura,Ficus benjamina,Calçada,Ruim,4.3,64.8,13.19,2022-08-10,False,False,-8.147087,-34.854329,139.32
751,Dois Unidos,Ficus benjamina,Parque,Boa,14.4,68.6,14.78,2022-09-16,True,False,-8.103968,-34.846163,493.92
752,Pina,Mangueira (Mangifera indica),Calçada,Regular,2.2,117.8,43.6,2022-06-05,False,True,-8.054966,-34.846732,129.58
753,Água Fria,Ficus benjamina,Praça,Boa,2.9,125.4,49.4,2022-11-14,True,False,-7.938853,-34.812744,181.83
754,Bomba do Hemetério,Sibipiruna,Canteiro,Boa,18.8,54.5,9.33,2022-09-18,False,False,-8.023351,-34.990825,512.3
755,Monteiro,Ficus benjamina,Área de lazer,Regular,7.0,40.0,5.03,2022-01-13,False,False,-7.943699,-34.808629,140.0
756,Ibura,Amendoeira (Terminalia catappa),Calçada,Boa,8.2,97.5,29.86,2022-12-03,False,False,-8.071962,-34.915601,399.75
757,Casa Forte,Castanhola,Canteiro,Crítica,10.7,129.4,52.6,2022-01-22,False,False,-8.130929,-34.829845,692.29
758,Monteiro,Jaqueira,Praça,Boa,3.1,58.0,10.57,2022-12-04,False,False,-7.994415,-34.822886,89.9
759,Imbiribeira,Oiti (Licania tomentosa),Canteiro,Regular,18.3,122.3,46.99,2022-11-15,True,False,-8.157227,-34.848906,1119.05
760,Água Fria,Mangueira (Mangifera indica),Área de lazer,Regular,2.6,122.4,47.07,2022-05-06,False,True,-7.995012,-34.886088,159.12
761,Jordão,Pau-brasil,Canteiro,Boa,16.8,23.6,1.75,2022-09-15,False,False,-8.05189,-34.910015,198.24
762,Graças,Ficus benjamina,Canteiro,Regular,6.9,126.6,50.35,2022-07-13,False,False,-7.936527,-34.828451,436.77
763,Casa Forte,Mangueira (Mangifera indica),Área de lazer,Boa,3.4,146.5,67.43,2022-02-21,True,False,-8.004196,-34.951274,249.05
764,Jordão,Ficus benjamina,Canteiro,Boa,11.4,80.6,20.41,2022-05-21,False,False,-8.139001,-34.998648,459.42
765,Boa Viagem,Flamboyant,Canteiro,Regular,6.6,30.0,2.83,2022-06-12,True,False,-8.04896,-34.862998,99.0
766,Bomba do Hemetério,Ficus benjamina,Parque,Ruim,10.2,39.8,4.98,2022-10-25,True,False,-7.953055,-34.887907,202.98
767,Imbiribeira,Sibipiruna,Área de lazer,Ruim,10.6,20.5,1.32,2022-02-12,False,False,-8.161315,-34.924596,108.65
768,Bomba do Hemetério,Oiti (Licania tomentosa),Canteiro,Regular,15.0,105.9,35.23,2022-01-07,True,False,-8.14432,-34.977284,794.25
769,Dois Unidos,Pau-brasil,Canteiro,Regular,3.2,47.2,7.0,2022-06-14,False,False,-8.1167,-34.986155,75.52
770,Arruda,Mangueira (Mangifera indica),Canteiro,Crítica,9.2,96.4,29.19,2022-10-14,True,False,-8.155145,-34.923897,443.44
771,Apipucos,Mangueira (Mangifera indica),Calçada,Boa,9.1,104.9,34.57,2022-05-26,True,True,-8.121814,-34.79402,477.3
772,Pina,Pau-brasil,Praça,Regular,7.3,121.1,46.07,2022-05-17,True,False,-8.097843,-34.886546,442.01
773,Beberibe,Castanhola,Calçada,Boa,3.6,85.8,23.13,2022-02-10,True,False,-7.94868,-35.000342,154.44
774,Apipucos,Pau-brasil,Praça,Regular,14.5,33.7,3.57,2022-03-02,False,False,-7.987283,-34.838934,244.33
775,Apipucos,Pau-brasil,Praça,Regular,13.9,84.9,22.64,2022-10-23,True,False,-7.997704,-34.832516,590.06
776,Beberibe,Castanhola,Canteiro,Regular,16.9,97.5,29.86,2022-02-09,False,True,-8.133918,-34.906374,823.87
777,Bomba do Hemetério,Amendoeira (Terminalia catappa),Calçada,Boa,17.7,114.7,41.33,2022-08-21,True,False,-8.049043,-34.887012,1015.1
778,Dois Unidos,Ficus benjamina,Calçada,Regular,6.8,48.1,7.27,2022-08-15,False,False,-8.064349,-34.977274,163.54
779,Apipucos,Amendoeira (Terminalia catappa),Canteiro,Regular,10.2,99.9,31.35,2022-08-10,False,False,-8.134247,-34.985987,509.49
780,Boa Viagem,Castanhola,Praça,Boa,8.5,85.5,22.97,2022-01-28,False,False,-7.972802,-34.887316,363.38
781,Espinheiro,Sibipiruna,Canteiro,Boa,11.9,28.3,2.52,2022-09-26,False,False,-8.009944,-34.833141,168.39
782,Pina,Cajueiro,Parque,Boa,8.1,138.4,60.18,2022-06-11,False,False,-7.943701,-34.801924,560.52
783,Graças,Castanhola,Calçada,Boa,3.6,97.5,29.86,2022-04-21,True,True,-8.122593,-35.011591,175.5
784,Água Fria,Flamboyant,Canteiro,Regular,11.5,16.7,0.88,2022-11-26,True,False,-7.970037,-34.793486,96.02
785,Pina,Pau-brasil,Parque,Regular,2.3,110.8,38.57,2022-06-22,False,False,-8.013076,-35.008271,127.42
786,Imbiribeira,Flamboyant,Praça,Regular,3.7,128.0,51.47,2022-01-16,False,False,-7.975855,-34.994622,236.8
787,Monteiro,Amendoeira (Terminalia catappa),Área de lazer,Regular,3.6,5.8,0.11,2022-08-03,False,False,-7.930103,-34.952305,10.44
788,Casa Forte,Sibipiruna,Praça,Regular,17.9,71.9,16.24,2022-05-05,False,False,-8.168552,-34.839244,643.5
789,Graças,Flamboyant,Praça,Boa,13.9,36.3,4.14,2022-07-28,False,False,-8.009665,-34.854674,252.28
790,Dois Unidos,Jaqueira,Área de lazer,Regular,15.6,126.9,50.59,2022-01-20,True,False,-8.168769,-35.019824,989.82
791,Pina,Castanhola,Canteiro,Boa,7.9,139.8,61.4,2022-02-15,True,False,-8.117292,-34.890242,552.21
792,Água Fria,Oiti (Licania tomentosa),Praça,Regular,10.4,79.2,19.71,2022-02-19,False,True,-7.947657,-34.931428,411.84
793,Imbiribeira,Flamboyant,Praça,Boa,5.2,76.7,18.48,2022-04-08,False,False,-7.999743,-34.944171,199.42
794,Jordão,Sibipiruna,Praça,Boa,17.1,23.4,1.72,2022-07-07,False,True,-8.113626,-34.910334,200.07
795,Bomba do Hemetério,Jaqueira,Canteiro,Ruim,2.2,121.4,46.3,2022-06-07,False,False,-8.118815,-34.984783,133.54
796,Ibura,Flamboyant,Área de lazer,Boa,8.6,20.0,1.26,2022-02-09,False,False,-7.949872,-34.795569,86.0
797,Boa Viagem,Amendoeira (Terminalia catappa),Praça,Boa,5.0,116.0,42.27,2022-09-19,True,False,-7.943784,-34.906004,290.0
798,Pina,Jaqueira,Calçada,Ruim,4.9,81.9,21.07,2022-06-02,True,False,-8.003304,-35.013819,200.66
799,Bomba do Hemetério,Amendoeira (Terminalia catappa),Área de lazer,Boa,5.5,21.7,1.48,2022-09-02,False,False,-7.950951,-34.903491,59.67
800,Apipucos,Flamboyant,Parque,Ruim,17.5,28.4,2.53,2022-11-24,False,False,-8.084163,-34.928748,248.5
